"A5A614"	"yciZ"	"Notmapped"
"A5A621"	"ypfM"	"Notmapped"
"B8LFD5"	"unreviewed"	"Notmapped"
"D0EX67"	"nagZ"	"Notmapped"
"D9IX93"	"gsiB"	"Notmapped"
"P00350"	"gnd "	"K00033"
"P00363"	"frdA"	"K00244"
"P00370"	"gdhA"	"K00262"
"P00393"	"ndh "	"K03885"
"P00448"	"sodA"	"K04564"
"P00452-2"	"nrdA"	"Notmapped"
"P00490"	"malP"	"K00688"
"P00509"	"aspC"	"K00813"
"P00547"	"thrB"	"K00872"
"P00561"	"thrA"	"K12524"
"P00562"	"metL"	"K12525"
"P00579"	"rpoD"	"K03086"
"P00582"	"polA"	"K02335"
"P00803"	"lepB"	"K03100"
"P00805"	"ansB"	"K01424"
"P00811"	"ampC"	"K01467"
"P00861"	"lysA"	"K01586"
"P00864"	"ppc "	"K01595"
"P00887"	"aroH"	"K01626"
"P00888"	"aroF"	"K01626"
"P00892"	"ilvG"	"Notmapped"
"P00893"	"ilvI"	"K01652"
"P00894"	"ilvH"	"K01653"
"P00895"	"trpE"	"K01657"
"P00903"	"pabA"	"K01664"
"P00904"	"trpD"	"K13497"
"P00909"	"trpC"	"K13498"
"P00926"	"dsdA"	"K01753"
"P00934"	"thrC"	"K01733"
"P00935"	"metB"	"K01739"
"P00944"	"xylA"	"K01805"
"P00946"	"manA"	"K01809"
"P00954"	"trpS"	"K01867"
"P00956"	"ileS"	"K01870"
"P00957"	"alaS"	"K01872"
"P00959"	"metG"	"K01874"
"P00960"	"glyQ"	"K01878"
"P00961"	"glyS"	"K01879"
"P00962"	"glnS"	"K01886"
"P00963"	"asnA"	"K01914"
"P00968"	"carB"	"K01955"
"P02358"	"rpsF"	"K02990"
"P02359"	"rpsG"	"K02992"
"P02413"	"rplO"	"K02876"
"P02918"	"mrcA"	"K05366"
"P02919-2"	"mrcB"	"Notmapped"
"P02924"	"araF"	"K10537"
"P02925"	"rbsB"	"K10439"
"P02929"	"tonB"	"K03832"
"P02930"	"tolC"	"K12340"
"P02931"	"ompF"	"K09476"
"P02943"	"lamB"	"K02024"
"P03004"	"dnaA"	"K02313"
"P03007"	"dnaQ"	"K02342"
"P03018"	"uvrD"	"K03657"
"P03023"	"lacI"	"Notmapped"
"P03024"	"galR"	"K02529"
"P03813"	"ygeA"	"Notmapped"
"P03817"	"mioC"	"K06205"
"P03841"	"malM"	"K05775"
"P04036"	"dapB"	"K00215"
"P04079"	"guaA"	"K01951"
"P04335"	"frsA"	"K11750"
"P04391"	"argI"	"K00611"
"P04425"	"gshB"	"K01920"
"P04693"	"tyrB"	"K00832"
"P04805"	"gltX"	"K01885"
"P04816"	"livK"	"K01999"
"P04825"	"pepN"	"K01256"
"P04846"	"nlpA"	"K02073"
"P04949"	"fliC"	"K02406"
"P04951"	"kdsB"	"K00979"
"P04968"	"ilvA"	"K01754"
"P04982"	"rbsD"	"K06726"
"P04983"	"rbsA"	"K10441"
"P04993"	"recD"	"K03581"
"P05020"	"pyrC"	"K01465"
"P05041"	"pabB"	"K01665"
"P05042"	"fumC"	"K01679"
"P05050"	"alkB"	"K03919"
"P05055"	"pnp "	"K00962"
"P05194"	"aroD"	"K03785"
"P05458"	"ptrA"	"K01407"
"P05459"	"pdxB"	"K03473"
"P05637"	"apaH"	"K01525"
"P05706"	"srlB"	"K02781"
"P05707"	"srlD"	"K00068"
"P05719"	"hsdS"	"K01154"
"P05791"	"ilvD"	"K01687"
"P05793"	"ilvC"	"K00053"
"P05824"	"recN"	"K03631"
"P05825"	"fepA"	"K16089"
"P05827"	"ilvY"	"K02521"
"P05852"	"gcp "	"K01409"
"P06129"	"btuB"	"K16092"
"P06149"	"dld "	"K03777"
"P06610"	"btuE"	"K00432"
"P06611"	"btuD"	"K06074"
"P06612"	"topA"	"K03168"
"P06616"	"era "	"K03595"
"P06709"	"birA"	"K03524"
"P06710"	"dnaX"	"K02343"
"P06715"	"gor "	"K00383"
"P06720"	"melA"	"K07406"
"P06721"	"metC"	"K01760"
"P06846"	"ebgR"	"K12113"
"P06959"	"aceF"	"K00627"
"P06960"	"argF"	"K00611"
"P06961"	"cca "	"K00974"
"P06966"	"dicA"	"Notmapped"
"P06968"	"dut "	"K01520"
"P06971"	"fhuA"	"K02014"
"P06974"	"fliM"	"K02416"
"P06983"	"hemC"	"K01749"
"P06986"	"hisC"	"K00817"
"P06987"	"hisB"	"K01089"
"P06988"	"hisD"	"K00013"
"P06989"	"hisI"	"K11755"
"P06992"	"rsmA"	"K02528"
"P06996"	"ompC"	"K09475"
"P06999"	"pfkB"	"K16370"
"P07001"	"pntA"	"K00324"
"P07003"	"poxB"	"K00156"
"P07004"	"proA"	"K00147"
"P07012"	"prfB"	"K02836"
"P07013"	"priB"	"K02686"
"P07014"	"sdhB"	"K00240"
"P07023"	"tyrA"	"K14187"
"P07024"	"ushA"	"K11751"
"P07026"	"sdiA"	"K07782"
"P07102"	"appA"	"K01093"
"P07109"	"hisP"	"K10017"
"P07118"	"valS"	"K01873"
"P07395"	"pheT"	"K01890"
"P07604"	"tyrR"	"K03721"
"P07623"	"metA"	"K00651"
"P07639"	"aroB"	"K01735"
"P07649"	"truA"	"K06173"
"P07650"	"deoA"	"K00758"
"P07762"	"glgB"	"K00700"
"P07813"	"leuS"	"K01869"
"P07821"	"fhuC"	"K02013"
"P07822"	"fhuD"	"K02016"
"P07862"	"ddlB"	"K01921"
"P07913"	"tdh "	"K00060"
"P08142"	"ilvB"	"K01652"
"P08178"	"purM"	"K01933"
"P08179"	"purN"	"K11175"
"P08191"	"fimH"	"K07350"
"P08192"	"folC"	"K11754"
"P08200"	"icd "	"K00031"
"P08244"	"pyrF"	"K01591"
"P08245"	"yciH"	"K03113"
"P08312"	"pheS"	"K01889"
"P08331"	"cpdB"	"K01119"
"P08337"	"mutT"	"K03574"
"P08365"	"chpS"	"Notmapped"
"P08368"	"creB"	"K07663"
"P08373"	"murB"	"K00075"
"P08390"	"usg "	"Notmapped"
"P08394"	"recB"	"K03582"
"P08395"	"sppA"	"K04773"
"P08506"	"dacC"	"K07258"
"P08622"	"dnaJ"	"K03686"
"P08660"	"lysC"	"K00928"
"P08839"	"ptsI"	"K08483"
"P08956"	"hsdR"	"K01153"
"P08957"	"hsdM"	"K03427"
"P08997"	"aceB"	"K01638"
"P09029"	"purK"	"K01589"
"P09030"	"xthA"	"K01142"
"P09053"	"avtA"	"K00835"
"P09099"	"xylB"	"K00854"
"P09126"	"hemD"	"K01719"
"P09127"	"hemX"	"K02496"
"P09147"	"galE"	"K01784"
"P09148"	"galT"	"K00965"
"P09151"	"leuA"	"K01649"
"P09155"	"rnd "	"K03684"
"P09158"	"speE"	"K00797"
"P09169"	"ompT"	"K01355"
"P09184"	"vsr "	"K07458"
"P09372"	"grpE"	"K03687"
"P09373"	"pflB"	"K00656"
"P09394"	"glpQ"	"K01126"
"P09424"	"mtlD"	"K00009"
"P09546"	"putA"	"K13821"
"P09549"	"dedD"	"K03749"
"P09551"	"argT"	"K10013"
"P09831"	"gltB"	"K00265"
"P09832"	"gltD"	"K00266"
"P09833"	"modC"	"K02017"
"P09980"	"rep "	"K03656"
"P09996"	"yidB"	"Notmapped"
"P0A698"	"uvrA"	"K03701"
"P0A6A3"	"ackA"	"K00925"
"P0A6A6"	"leuC"	"K01703"
"P0A6A8"	"acpP"	"K02078"
"P0A6B4"	"alr "	"K01775"
"P0A6B7"	"iscS"	"K04487"
"P0A6C1"	"nfo "	"K01151"
"P0A6C5"	"argA"	"K14682"
"P0A6C8"	"argB"	"K00930"
"P0A6D0"	"argR"	"K03402"
"P0A6D3"	"aroA"	"K00800"
"P0A6D7"	"aroK"	"K00891"
"P0A6E1"	"aroL"	"K00891"
"P0A6E4"	"argG"	"K01940"
"P0A6E6"	"atpC"	"K02114"
"P0A6E9"	"ynfK"	"K01935"
"P0A6F1"	"carA"	"K01956"
"P0A6F3"	"glpK"	"K00864"
"P0A6F5"	"groL"	"K04077"
"P0A6F9"	"groS"	"K04078"
"P0A6G3"	"ygaD"	"K03743"
"P0A6G7"	"clpP"	"K01358"
"P0A6H1"	"clpX"	"K03544"
"P0A6H5"	"hslU"	"K03667"
"P0A6I0"	"cmk "	"K00945"
"P0A6I3"	"coaA"	"K00867"
"P0A6I6"	"coaD"	"K00954"
"P0A6I9"	"coaE"	"K00859"
"P0A6J1"	"cysC"	"K00860"
"P0A6J5"	"dadA"	"K00285"
"P0A6J8"	"ddlA"	"K01921"
"P0A6K1"	"dapF"	"K01778"
"P0A6K3"	"def "	"K01462"
"P0A6K6"	"deoB"	"K01839"
"P0A6L0"	"deoC"	"K01619"
"P0A6L2"	"dapA"	"K01714"
"P0A6L4"	"nanA"	"K01639"
"P0A6L9"	"hscB"	"K04082"
"P0A6M4"	"dtd "	"K07560"
"P0A6M8"	"fusA"	"K02355"
"P0A6N4"	"efp "	"K02356"
"P0A6N8"	"yeiP"	"K02356"
"P0A6P1"	"tsf "	"K02357"
"P0A6P5"	"der "	"K03977"
"P0A6P7"	"engB"	"K03978"
"P0A6P9"	"eno "	"K01689"
"P0A6Q3"	"fabA"	"K01716"
"P0A6Q6"	"fabZ"	"K02372"
"P0A6R0"	"fabH"	"K00648"
"P0A6R3"	"fis "	"K03557"
"P0A6S7"	"gpsA"	"K00057"
"P0A6T1"	"pgi "	"K01810"
"P0A6T3"	"galK"	"K00849"
"P0A6T5"	"folE"	"K01495"
"P0A6T9"	"gcvH"	"K02437"
"P0A6U3"	"mnmG"	"K03495"
"P0A6U5"	"rsmG"	"K03501"
"P0A6U8"	"glgA"	"K00703"
"P0A6V1"	"glgC"	"K00975"
"P0A6V5"	"glpE"	"K02439"
"P0A6V8"	"glk "	"K00845"
"P0A6W0"	"glsA"	"K01425"
"P0A6W5"	"greA"	"K03624"
"P0A6W9"	"gshA"	"K01919"
"P0A6X1"	"hemA"	"K02492"
"P0A6X3"	"hfq "	"K03666"
"P0A6X7"	"ihfA"	"K04764"
"P0A6Y1"	"ihfB"	"K05788"
"P0A6Y5"	"hslO"	"K04083"
"P0A6Y8"	"dnaK"	"K04043"
"P0A6Z1"	"hscA"	"K04044"
"P0A6Z3"	"htpG"	"K04079"
"P0A6Z6"	"nikR"	"K07722"
"P0A705"	"infB"	"K02519"
"P0A707"	"infC"	"K02520"
"P0A715"	"kdsA"	"K01627"
"P0A717"	"prs "	"K00948"
"P0A720"	"tmk "	"K00943"
"P0A722"	"lpxA"	"K00677"
"P0A725"	"lpxC"	"K02535"
"P0A729"	"yceF"	"Notmapped"
"P0A731"	"mgsA"	"K01734"
"P0A734"	"minE"	"K03608"
"P0A738"	"moaC"	"K03637"
"P0A744"	"msrA"	"K07304"
"P0A746"	"msrB"	"K07305"
"P0A749"	"murA"	"K00790"
"P0A752"	"nadD"	"K00969"
"P0A754"	"kefF"	"K11746"
"P0A756"	"kefG"	"K11748"
"P0A759"	"nagB"	"K02564"
"P0A761"	"nanE"	"K01788"
"P0A763"	"ndk "	"K00940"
"P0A776"	"rppH"	"K08311"
"P0A780"	"nusB"	"K03625"
"P0A784"	"orn "	"K13288"
"P0A786"	"pyrB"	"K00609"
"P0A790"	"panD"	"K01579"
"P0A794"	"pdxJ"	"K03474"
"P0A796"	"pfkA"	"K00850"
"P0A799"	"pgk "	"K00927"
"P0A7A2"	"gpmB"	"K15634"
"P0A7A5"	"pcm "	"K00573"
"P0A7A7"	"plsB"	"K00631"
"P0A7A9"	"ppa "	"K01507"
"P0A7B1"	"ppk "	"K00937"
"P0A7B3"	"ppnK"	"K00858"
"P0A7B5"	"proB"	"K00931"
"P0A7B8"	"hslV"	"K01419"
"P0A7C2"	"lexA"	"K01356"
"P0A7C6"	"pepE"	"K05995"
"P0A7D1"	"pth "	"K01056"
"P0A7D4"	"purA"	"K01939"
"P0A7D7"	"purC"	"K01923"
"P0A7E1"	"pyrD"	"K00226"
"P0A7E3"	"pyrE"	"K00762"
"P0A7E5"	"pyrG"	"K01937"
"P0A7E9"	"pyrH"	"K09903"
"P0A7F3"	"pyrI"	"K00610"
"P0A7F6"	"speD"	"K01611"
"P0A7F9"	"queA"	"K07568"
"P0A7G2"	"rbfA"	"K02834"
"P0A7G6"	"recA"	"K03553"
"P0A7H0"	"recF"	"K03629"
"P0A7H6"	"recR"	"K06187"
"P0A7I0"	"prfA"	"K02835"
"P0A7I4"	"prfC"	"K02837"
"P0A7I7"	"ribA"	"K01497"
"P0A7J0"	"ribB"	"K02858"
"P0A7J3"	"rplJ"	"K02864"
"P0A7J7"	"rplK"	"K02867"
"P0A7K2"	"rplL"	"K02935"
"P0A7K6"	"rplS"	"K02884"
"P0A7L0"	"rplA"	"K02863"
"P0A7L3"	"rplT"	"K02887"
"P0A7L8"	"rpmA"	"K02899"
"P0A7M2"	"rpmB"	"K02902"
"P0A7M6"	"rpmC"	"K02904"
"P0A7M9"	"rpmE"	"K02909"
"P0A7N1"	"rpmE"	"K02909"
"P0A7N4"	"rpmF"	"K02911"
"P0A7N9"	"rpmG"	"K02913"
"P0A7Q6"	"rpmJ"	"K02919"
"P0A7R1"	"rplI"	"K02939"
"P0A7R5"	"rpsJ"	"K02946"
"P0A7R9"	"rpsK"	"K02948"
"P0A7S3"	"rpsL"	"K02950"
"P0A7S9"	"rpsM"	"K02952"
"P0A7T3"	"rpsP"	"K02959"
"P0A7T7"	"rpsR"	"K02963"
"P0A7U3"	"rpsS"	"K02965"
"P0A7U7"	"rpsT"	"K02968"
"P0A7V0"	"rpsB"	"K02967"
"P0A7V3"	"rpsC"	"K02982"
"P0A7V8"	"rpsD"	"K02986"
"P0A7W1"	"rpsE"	"K02988"
"P0A7W7"	"rpsH"	"K02994"
"P0A7X3"	"rpsI"	"K02996"
"P0A7X6"	"rimM"	"K02860"
"P0A7Y0"	"rnc "	"K03685"
"P0A7Y4"	"rnhA"	"K03469"
"P0A7Z0"	"rpiA"	"K01807"
"P0A7Z4"	"rpoA"	"K03040"
"P0A800"	"rpoZ"	"K03060"
"P0A805"	"frr "	"K02838"
"P0A809"	"ruvA"	"K03550"
"P0A812"	"ruvB"	"K03551"
"P0A817"	"metK"	"K00789"
"P0A821"	"selA"	"K01042"
"P0A823"	"sfsA"	"K06206"
"P0A825"	"glyA"	"K00600"
"P0A832"	"smpB"	"K03664"
"P0A836"	"sucC"	"K01903"
"P0A840"	"surE"	"K03787"
"P0A847"	"tgt "	"K00773"
"P0A850"	"tig "	"K03545"
"P0A853"	"tnaA"	"K01667"
"P0A855"	"tolB"	"K03641"
"P0A858"	"tpiA"	"K01803"
"P0A862"	"tpx "	"K11065"
"P0A867"	"talA"	"K00616"
"P0A870"	"talB"	"K00616"
"P0A873"	"trmD"	"K00554"
"P0A877"	"trpA"	"K01695"
"P0A879"	"trpB"	"K01696"
"P0A881"	"trpR"	"K03720"
"P0A884"	"thyA"	"K00560"
"P0A887"	"ubiE"	"K03183"
"P0A890"	"tusA"	"K04085"
"P0A894"	"yhbJ"	"K06958"
"P0A898"	"ybeY"	"K07042"
"P0A8A0"	"yebC"	"Notmapped"
"P0A8A2"	"yeeN"	"Notmapped"
"P0A8A4"	"ydiA"	"K09773"
"P0A8A8"	"rimP"	"K09748"
"P0A8B2"	"yfcN"	"Notmapped"
"P0A8B5"	"ybaB"	"K09747"
"P0A8C1"	"ybjQ"	"Notmapped"
"P0A8C4"	"ygfB"	"K09895"
"P0A8D0"	"nrdR"	"K07738"
"P0A8D3"	"yaiI"	"K09768"
"P0A8D6"	"ymdB"	"Notmapped"
"P0A8E1"	"ycfP"	"K07000"
"P0A8E5"	"yacL"	"K09910"
"P0A8E7"	"yajQ"	"K09767"
"P0A8F0"	"upp "	"K00761"
"P0A8F4"	"udk "	"K00876"
"P0A8F8"	"uvrB"	"K03702"
"P0A8G3"	"uxaC"	"K01812"
"P0A8G6"	"wrbA"	"K03809"
"P0A8G9"	"xseB"	"K03602"
"P0A8H6"	"yihI"	"K09894"
"P0A8H8"	"yacG"	"K09862"
"P0A8I1"	"yqgF"	"K07447"
"P0A8I3"	"yaaA"	"K09861"
"P0A8I5"	"trmB"	"K03439"
"P0A8I8"	"rlmH"	"K00783"
"P0A8J2"	"dnaT"	"K02317"
"P0A8J4"	"ybeD"	"K09158"
"P0A8J8"	"rhlB"	"K03732"
"P0A8K1"	"psd "	"K01613"
"P0A8K5"	"yaeP"	"Notmapped"
"P0A8L1"	"serS"	"K01875"
"P0A8L7"	"yciU"	"K09901"
"P0A8M0"	"asnS"	"K01893"
"P0A8M3"	"thrS"	"K01868"
"P0A8M6"	"yeeX"	"K09802"
"P0A8N0"	"ycbG"	"K09911"
"P0A8N3"	"lysS"	"K04567"
"P0A8N5"	"lysU"	"K04567"
"P0A8N7"	"poxA"	"K04568"
"P0A8P3"	"yggX"	"Notmapped"
"P0A8P6"	"xerC"	"K03733"
"P0A8R0"	"rraA"	"K02553"
"P0A8R4"	"slyX"	"K03745"
"P0A8R9"	"hdfR"	"Notmapped"
"P0A8S1"	"iciA"	"K05596"
"P0A8T1"	"prmA"	"K02687"
"P0A8T7"	"rpoC"	"K03046"
"P0A8U0"	"syd "	"K15723"
"P0A8U6"	"metJ"	"K03764"
"P0A8V0"	"rnz "	"K00784"
"P0A8V2"	"rpoB"	"K03043"
"P0A8V6"	"fadR"	"K03603"
"P0A8W0"	"nanR"	"Notmapped"
"P0A8W2"	"slyA"	"K06075"
"P0A8W5"	"yqgE"	"K07735"
"P0A8W8"	"yfbU"	"K09161"
"P0A8X0"	"yjgA"	"K09889"
"P0A8X2"	"yceI"	"Notmapped"
"P0A8Y1"	"yjjG"	"K08723"
"P0A8Y3"	"yihX"	"K07025"
"P0A8Y5"	"yidA"	"K07024"
"P0A8Y8"	"ybdB"	"K01175"
"P0A8Z0"	"yciA"	"K10806"
"P0A8Z3"	"ybgC"	"K07107"
"P0A8Z7"	"yqiA"	"K07000"
"P0A901"	"blc "	"K03098"
"P0A903"	"nlpB"	"K07287"
"P0A905"	"slyB"	"K06077"
"P0A908"	"mipA"	"K07274"
"P0A910"	"ompA"	"K03286"
"P0A912"	"pal "	"K03640"
"P0A915"	"ompW"	"K07275"
"P0A917"	"ompX"	"K11934"
"P0A927"	"tsx "	"K05517"
"P0A935"	"mltA"	"K08304"
"P0A940"	"yaeT"	"K07277"
"P0A944"	"rimI"	"K03789"
"P0A948"	"rimJ"	"K03790"
"P0A951"	"speG"	"K00657"
"P0A953"	"fabB"	"K00647"
"P0A955"	"eda "	"K01625"
"P0A959"	"yfbQ"	"K14260"
"P0A962"	"ansA"	"K01424"
"P0A964"	"cheW"	"K03408"
"P0A968"	"cspD"	"K03704"
"P0A972"	"cspE"	"K03704"
"P0A978"	"cspG"	"K03704"
"P0A988"	"dnaN"	"K02338"
"P0A991"	"fbaB"	"K11645"
"P0A993"	"fbp "	"K03841"
"P0A996"	"glpC"	"K00113"
"P0A998"	"ftnA"	"K02217"
"P0A9A2"	"ftnB"	"K02255"
"P0A9A6"	"ftsZ"	"K03531"
"P0A9A9"	"fur "	"K03711"
"P0A9B2"	"gapA"	"K00134"
"P0A9B6"	"epd "	"K03472"
"P0A9C0"	"glpA"	"K00111"
"P0A9C3"	"galM"	"K01785"
"P0A9C5"	"glnA"	"K01915"
"P0A9C9"	"glpX"	"K02446"
"P0A9D2"	"gst "	"K00799"
"P0A9D4"	"cysE"	"K00640"
"P0A9D8"	"dapD"	"K00674"
"P0A9E5"	"fnr "	"K01420"
"P0A9F1"	"mntR"	"K11924"
"P0A9F3"	"cysB"	"K13634"
"P0A9F6"	"gcvA"	"K03566"
"P0A9F9"	"metR"	"K03576"
"P0A9G4"	"cueR"	"K11923"
"P0A9G6"	"aceA"	"K01637"
"P0A9G8"	"modE"	"K02019"
"P0A9H1"	"mug "	"K03649"
"P0A9H5"	"btuR"	"K00798"
"P0A9H7"	"cfa "	"K00574"
"P0A9H9"	"cheZ"	"K03414"
"P0A9I3"	"gcvR"	"K03567"
"P0A9I8"	"nirD"	"K00363"
"P0A9J0"	"rng "	"K08301"
"P0A9J4"	"panE"	"K00077"
"P0A9J6"	"rbsK"	"K00852"
"P0A9J8"	"pheA"	"K14170"
"P0A9K3"	"ybeZ"	"K06217"
"P0A9K7"	"phoU"	"K02039"
"P0A9K9"	"slyD"	"K03775"
"P0A9L3"	"fklB"	"K03773"
"P0A9L5"	"ppiC"	"K03769"
"P0A9L8"	"proC"	"K00286"
"P0A9M0"	"lon "	"K01338"
"P0A9M2"	"hpt "	"K00760"
"P0A9M5"	"gpt "	"K00769"
"P0A9M8"	"pta "	"K13788"
"P0A9N4"	"pflA"	"K04069"
"P0A9P0"	"lpdA"	"K00382"
"P0A9P4"	"trxB"	"K00384"
"P0A9P6"	"deaD"	"K05592"
"P0A9P9"	"idnO"	"K00046"
"P0A9Q1"	"arcA"	"K07773"
"P0A9Q5"	"accD"	"K01963"
"P0A9Q7"	"adhE"	"K04072"
"P0A9Q9"	"asd "	"K00133"
"P0A9R4"	"fdx "	"K04755"
"P0A9R7"	"ftsE"	"K09812"
"P0A9S1"	"fucO"	"K00048"
"P0A9S3"	"gatD"	"K00094"
"P0A9S5"	"gldA"	"K00005"
"P0A9S7"	"livG"	"K01995"
"P0A9T0"	"serA"	"K00058"
"P0A9T4"	"tas "	"Notmapped"
"P0A9T6"	"ybaQ"	"Notmapped"
"P0A9T8"	"ybbA"	"K02003"
"P0A9U3"	"ybiT"	"Notmapped"
"P0A9U6"	"puuR"	"K14056"
"P0A9V1"	"lptB"	"K06861"
"P0A9V5"	"yiaG"	"K07726"
"P0A9V8"	"yihU"	"K08318"
"P0A9W0"	"ulaR"	"K03477"
"P0A9W3"	"yjjK"	"Notmapped"
"P0A9W6"	"yrbA"	"Notmapped"
"P0A9W9"	"yrdA"	"Notmapped"
"P0A9X1"	"znuC"	"K09817"
"P0A9X4"	"mreB"	"K03569"
"P0A9X9"	"cspA"	"K03704"
"P0A9Y6"	"cspC"	"K03704"
"P0A9Z1"	"glnB"	"K04751"
"P0AA04"	"ptsH"	"K02784"
"P0AA10"	"rplM"	"K02871"
"P0AA16"	"ompR"	"K07659"
"P0AA25"	"trxA"	"K03671"
"P0AA31"	"yedF"	"Notmapped"
"P0AA37"	"rluA"	"K06177"
"P0AA39"	"rluC"	"K06179"
"P0AA41"	"truC"	"K06175"
"P0AA43"	"rsuA"	"K06183"
"P0AA57"	"yobA"	"K07156"
"P0AA91"	"yeaY"	"K07285"
"P0AA95"	"yacC"	"Notmapped"
"P0AA97"	"yaeQ"	"Notmapped"
"P0AA99"	"yafK"	"Notmapped"
"P0AAA1"	"yagU"	"K08996"
"P0AAA9"	"zraP"	"K07803"
"P0AAB4"	"ubiD"	"K03182"
"P0AAB6"	"galF"	"K00963"
"P0AAB8"	"uspD"	"K14065"
"P0AAC0"	"uspE"	"K14055"
"P0AAC8"	"iscA"	"K13628"
"P0AAD6"	"sdaC"	"K03837"
"P0AAF6"	"artP"	"K10000"
"P0AAG0"	"dppD"	"K12371"
"P0AAG3"	"gltL"	"K10004"
"P0AAG8"	"mglA"	"K10542"
"P0AAH0"	"pstB"	"K02036"
"P0AAH4"	"sapD"	"K12371"
"P0AAH8"	"sapF"	"K12372"
"P0AAI3"	"ftsH"	"K03798"
"P0AAI5"	"fabF"	"K09458"
"P0AAI9"	"fabD"	"K00645"
"P0AAJ5"	"fdoH"	"K00124"
"P0AAJ8"	"hybA"	"Notmapped"
"P0AAN1"	"hybE"	"Notmapped"
"P0AAN3"	"hypB"	"K04652"
"P0AAN5"	"yaiA"	"Notmapped"
"P0AAN9"	"iraP"	"Notmapped"
"P0AAP3"	"frmR"	"Notmapped"
"P0AAQ2"	"yajD"	"Notmapped"
"P0AAQ6"	"ybaA"	"Notmapped"
"P0AAR3"	"ybaK"	"Notmapped"
"P0AAR8"	"ybaV"	"K02237"
"P0AAS7"	"ybcJ"	"K14761"
"P0AAS9"	"ybdD"	"Notmapped"
"P0AAT2"	"ybdF"	"Notmapped"
"P0AAT6"	"ybeB"	"K09710"
"P0AAT9"	"ybeL"	"Notmapped"
"P0AAU7"	"ybfE"	"Notmapped"
"P0AAV4"	"ybgJ"	"Notmapped"
"P0AAV6"	"ybgS"	"Notmapped"
"P0AAW1"	"ybhP"	"K06896"
"P0AAX3"	"ybiJ"	"Notmapped"
"P0AAX6"	"mcbA"	"K13650"
"P0AAX8"	"ybiS"	"K16291"
"P0AAZ4"	"rarA"	"K07478"
"P0AAZ7"	"ycaR"	"K09791"
"P0AB10"	"ymbA"	"K09857"
"P0AB14"	"yccJ"	"Notmapped"
"P0AB18"	"tusE"	"K11179"
"P0AB20"	"hspQ"	"K11940"
"P0AB24"	"ycdO"	"K07224"
"P0AB26"	"yceB"	"Notmapped"
"P0AB28"	"yceD"	"K07040"
"P0AB35"	"ycfJ"	"Notmapped"
"P0AB38"	"lpoB"	"K07337"
"P0AB40"	"bhsA"	"K12151"
"P0AB43"	"ycgL"	"K09902"
"P0AB46"	"ymgD"	"Notmapped"
"P0AB52"	"ychN"	"K06039"
"P0AB55"	"yciI"	"K09780"
"P0AB58"	"yciM"	"Notmapped"
"P0AB61"	"yciN"	"Notmapped"
"P0AB65"	"yccX"	"K01512"
"P0AB67"	"pntB"	"K00325"
"P0AB71"	"fbaA"	"K01624"
"P0AB77"	"kbl "	"K00639"
"P0AB80"	"ilvE"	"K00826"
"P0AB83"	"nth "	"K10773"
"P0AB87"	"fucA"	"K01628"
"P0AB89"	"purB"	"K01756"
"P0AB91"	"aroG"	"K01626"
"P0AB96"	"arsC"	"K00537"
"P0ABA0"	"atpF"	"K02109"
"P0ABA4"	"atpH"	"K02113"
"P0ABA6"	"atpG"	"K02115"
"P0ABB0"	"atpA"	"K02111"
"P0ABB4"	"atpD"	"K02112"
"P0ABC3"	"hflC"	"K04087"
"P0ABC7"	"hflK"	"K04088"
"P0ABD3"	"bfr "	"K03594"
"P0ABD5"	"accA"	"K01962"
"P0ABD8"	"accB"	"K02160"
"P0ABE2"	"bolA"	"K05527"
"P0ABF1"	"pcnB"	"K00970"
"P0ABF4"	"eutM"	"K04027"
"P0ABF6"	"cdd "	"K01489"
"P0ABH0"	"ftsA"	"K03590"
"P0ABH7"	"gltA"	"K01647"
"P0ABH9"	"clpA"	"K03694"
"P0ABJ1"	"cyoA"	"K02297"
"P0ABJ9"	"cydA"	"K00425"
"P0ABK5"	"cysK"	"K01738"
"P0ABP8"	"deoD"	"K03784"
"P0ABQ0"	"coaB"	"K13038"
"P0ABQ2"	"garR"	"K00042"
"P0ABQ4"	"folA"	"K00287"
"P0ABR1"	"dinI"	"K12149"
"P0ABS1"	"dksA"	"K06204"
"P0ABS5"	"dnaG"	"K02316"
"P0ABT2"	"dps "	"K04047"
"P0ABT5"	"dusB"	"K05540"
"P0ABU0"	"menB"	"K01661"
"P0ABU2"	"engD"	"K06942"
"P0ABU5"	"elbB"	"Notmapped"
"P0ABV2"	"exbD"	"K03559"
"P0ABY4"	"fldB"	"K03840"
"P0ABZ1"	"fliG"	"K02410"
"P0ABZ4"	"kdsC"	"K03270"
"P0ABZ6"	"surA"	"K03771"
"P0AC00"	"frlB"	"K10708"
"P0AC02"	"yfiO"	"K05807"
"P0AC13"	"folP"	"K00796"
"P0AC19"	"folX"	"K07589"
"P0AC28"	"ygfA"	"Notmapped"
"P0AC33"	"fumA"	"K01676"
"P0AC38"	"aspA"	"K01744"
"P0AC41"	"sdhA"	"K00239"
"P0AC47"	"frdB"	"K00245"
"P0AC51"	"zur "	"K09823"
"P0AC53"	"zwf "	"K00036"
"P0AC55"	"glnK"	"K04752"
"P0AC59"	"grxB"	"K03675"
"P0AC62"	"grxC"	"K03676"
"P0AC65"	"nrdH"	"K06191"
"P0AC69"	"grxD"	"K07390"
"P0AC75"	"waaA"	"K02527"
"P0AC81"	"gloA"	"K01759"
"P0AC84"	"gloB"	"K01069"
"P0AC92"	"gnsA"	"Notmapped"
"P0ACA1"	"yibF"	"Notmapped"
"P0ACA3"	"sspA"	"K03599"
"P0ACA7"	"yliJ"	"Notmapped"
"P0ACB0"	"dnaB"	"K02314"
"P0ACB2"	"hemB"	"K01698"
"P0ACB4"	"hemG"	"K00230"
"P0ACC1"	"hemK"	"K02493"
"P0ACC3"	"erpA"	"K15724"
"P0ACC7"	"glmU"	"K04042"
"P0ACD4"	"nifU"	"K04488"
"P0ACE0"	"hybC"	"K06281"
"P0ACE3"	"hha "	"K05839"
"P0ACE7"	"hinT"	"K02503"
"P0ACF0"	"hupA"	"K05787"
"P0ACF4"	"hupB"	"K03530"
"P0ACF8"	"hns "	"K03746"
"P0ACG1"	"stpA"	"K11685"
"P0ACG8"	"hslR"	"K04762"
"P0ACI0"	"rob "	"K05804"
"P0ACI3"	"xylR"	"K02529"
"P0ACI6"	"asnC"	"K03718"
"P0ACJ0"	"lrp "	"K03719"
"P0ACJ8"	"crp "	"K10914"
"P0ACK2"	"agaR"	"K02081"
"P0ACK5"	"deoR"	"K11534"
"P0ACK8"	"fucR"	"K02430"
"P0ACL0"	"glpR"	"K02444"
"P0ACL2"	"exuR"	"Notmapped"
"P0ACL5"	"glcC"	"K11474"
"P0ACL7"	"lldR"	"K14348"
"P0ACL9"	"pdhR"	"K05799"
"P0ACM2"	"ydfH"	"Notmapped"
"P0ACM5"	"yegW"	"Notmapped"
"P0ACM9"	"yihL"	"Notmapped"
"P0ACN2"	"ytfH"	"Notmapped"
"P0ACN4"	"allR"	"K10973"
"P0ACN7"	"cytR"	"K05499"
"P0ACP1"	"fruR"	"K03435"
"P0ACP5"	"gntR"	"K06145"
"P0ACP7"	"purR"	"K03604"
"P0ACQ4"	"oxyR"	"K04761"
"P0ACR4"	"yeiE"	"Notmapped"
"P0ACR9"	"mprA"	"K15974"
"P0ACS2"	"soxR"	"K13639"
"P0ACS5"	"zntR"	"K13638"
"P0ACS7"	"rpiR"	"Notmapped"
"P0ACT6"	"uidR"	"K16138"
"P0ACU7"	"yjdC"	"Notmapped"
"P0ACV0"	"htrB"	"K02517"
"P0ACV6"	"mpaA"	"K14054"
"P0ACV8"	"ymjA"	"Notmapped"
"P0ACW6"	"ydcH"	"K09794"
"P0ACX3"	"ydhR"	"Notmapped"
"P0ACX5"	"ydhZ"	"Notmapped"
"P0ACY1"	"ydjA"	"Notmapped"
"P0ACY3"	"yeaG"	"K07180"
"P0ACY9"	"yebG"	"K09918"
"P0ACZ4"	"evgA"	"K07690"
"P0ACZ8"	"cusR"	"K07665"
"P0AD05"	"yecA"	"K07039"
"P0AD07"	"yecF"	"Notmapped"
"P0AD10"	"yecJ"	"Notmapped"
"P0AD12"	"yeeZ"	"Notmapped"
"P0AD21"	"yejG"	"Notmapped"
"P0AD24"	"yejL"	"K09904"
"P0AD27"	"yejM"	"K07014"
"P0AD33"	"yfcZ"	"Notmapped"
"P0AD37"	"yfeC"	"Notmapped"
"P0AD40"	"ypeB"	"K09954"
"P0AD49"	"raiA"	"K05809"
"P0AD53"	"ygaC"	"Notmapped"
"P0AD57"	"ispB"	"K02523"
"P0AD59"	"ivy "	"Notmapped"
"P0AD61"	"pykF"	"K00873"
"P0AD65"	"mrdA"	"K05515"
"P0AD68"	"ftsI"	"K03587"
"P0AD70"	"ampH"	"Notmapped"
"P0AD96"	"livJ"	"K01999"
"P0ADA1"	"tesA"	"K10804"
"P0ADA3"	"nlpD"	"K06194"
"P0ADA5"	"yajG"	"K07286"
"P0ADB1"	"osmE"	"K04064"
"P0ADB7"	"ecnB"	"K16348"
"P0ADC1"	"lptE"	"K03643"
"P0ADC8"	"yjiX"	"Notmapped"
"P0ADE4"	"ytfM"	"K07278"
"P0ADE6"	"ygaU"	"Notmapped"
"P0ADE8"	"ygfZ"	"K06980"
"P0ADF6"	"edd "	"K01690"
"P0ADF8"	"ilvN"	"K01653"
"P0ADG4"	"suhB"	"K01092"
"P0ADG7"	"guaB"	"K00088"
"P0ADI4"	"entB"	"K01252"
"P0ADI7"	"yecD"	"Notmapped"
"P0ADK0"	"yiaF"	"Notmapped"
"P0ADK6"	"yibA"	"Notmapped"
"P0ADK8"	"yibL"	"K14762"
"P0ADM4"	"yidQ"	"Notmapped"
"P0ADN2"	"yifE"	"K09897"
"P0ADN6"	"yifL"	"Notmapped"
"P0ADP0"	"yigB"	"K07025"
"P0ADP2"	"yigI"	"Notmapped"
"P0ADP9"	"yihD"	"K09896"
"P0ADQ2"	"yiiD"	"Notmapped"
"P0ADQ7"	"ygaM"	"Notmapped"
"P0ADR6"	"rlmM"	"K06968"
"P0ADR8"	"ygdH"	"K06966"
"P0ADS2"	"zapA"	"K09888"
"P0ADS6"	"yggE"	"K09807"
"P0ADS9"	"yggN"	"Notmapped"
"P0ADT2"	"ygiB"	"Notmapped"
"P0ADT5"	"ygiC"	"Notmapped"
"P0ADT8"	"ygiM"	"K07184"
"P0ADU2"	"ygiN"	"Notmapped"
"P0ADU5"	"ygiW"	"Notmapped"
"P0ADU7"	"yqiB"	"K09920"
"P0ADV1"	"lptA"	"K09774"
"P0ADV5"	"yhbW"	"Notmapped"
"P0ADV7"	"mlaC"	"K07323"
"P0ADW3"	"yhcB"	"K09908"
"P0ADW8"	"yheV"	"K07070"
"P0ADX1"	"yhfA"	"K07397"
"P0ADX5"	"yhfG"	"Notmapped"
"P0ADX7"	"yhhA"	"Notmapped"
"P0ADX9"	"rsmD"	"K08316"
"P0ADY1"	"ppiD"	"K03770"
"P0ADY3"	"rplN"	"K02874"
"P0ADY7"	"rplP"	"K02878"
"P0ADZ0"	"rplW"	"K02892"
"P0ADZ4"	"rpsO"	"K02956"
"P0ADZ7"	"yajC"	"K03210"
"P0AE01"	"trmJ"	"K15396"
"P0AE06"	"acrA"	"K03585"
"P0AE08"	"ahpC"	"K03386"
"P0AE12"	"amn "	"K01241"
"P0AE18"	"map "	"K01265"
"P0AE22"	"aphA"	"K03788"
"P0AE28"	"aroM"	"K14591"
"P0AE39"	"ypdB"	"K02477"
"P0AE48"	"ytfP"	"Notmapped"
"P0AE52"	"bcp "	"K03564"
"P0AE60"	"cedA"	"K15722"
"P0AE63"	"chaB"	"K06197"
"P0AE67"	"cheY"	"K03413"
"P0AE70"	"mazF"	"K07171"
"P0AE72"	"mazE"	"K07172"
"P0AE76"	"cobU"	"K02231"
"P0AE78"	"corC"	"K06189"
"P0AE85"	"cpxP"	"K06006"
"P0AE88"	"cpxR"	"K07662"
"P0AE91"	"creA"	"K05805"
"P0AEA2"	"csgG"	"K06214"
"P0AEA8"	"cysG"	"K02302"
"P0AEB2"	"dacA"	"K07258"
"P0AEB7"	"yoaB"	"Notmapped"
"P0AEC3"	"arcB"	"K07648"
"P0AED0"	"uspA"	"K06149"
"P0AED5"	"uvrY"	"K07689"
"P0AED7"	"dapE"	"K01439"
"P0AED9"	"dcm "	"K00558"
"P0AEE1"	"dcrB"	"Notmapped"
"P0AEE5"	"mglB"	"K10540"
"P0AEE8"	"dam "	"K06223"
"P0AEF0"	"dnaC"	"K02315"
"P0AEF4"	"dpiA"	"K07702"
"P0AEF8"	"dppB"	"K12369"
"P0AEG4"	"dsbA"	"K03673"
"P0AEG6"	"dsbC"	"K03981"
"P0AEH3"	"elaA"	"K02348"
"P0AEH5"	"elaB"	"K05594"
"P0AEI1"	"miaB"	"K06168"
"P0AEI4"	"rimO"	"K14441"
"P0AEI6"	"nudJ"	"K12152"
"P0AEJ2"	"entC"	"K02361"
"P0AEK0"	"exoX"	"K10857"
"P0AEK2"	"fabG"	"K00059"
"P0AEK4"	"fabI"	"K00208"
"P0AEL3"	"feoA"	"K04758"
"P0AEL6"	"fepB"	"K02016"
"P0AEM0"	"fkpB"	"K03774"
"P0AEM4"	"flgM"	"K02398"
"P0AEM6"	"fliA"	"K02405"
"P0AEM9"	"fliY"	"K02424"
"P0AEN1"	"fre "	"K05368"
"P0AEN8"	"fucU"	"K02431"
"P0AEP3"	"galU"	"K00963"
"P0AEQ1"	"glcG"	"K11477"
"P0AEQ3"	"glnH"	"K10036"
"P0AES0"	"gsp "	"K01460"
"P0AES2"	"gudD"	"K01706"
"P0AES4"	"gyrA"	"K02469"
"P0AES6"	"gyrB"	"K02470"
"P0AES9"	"hdeA"	"Notmapped"
"P0AET2"	"hdeB"	"Notmapped"
"P0AET8"	"hdhA"	"K00076"
"P0AEU0"	"hisJ"	"K10014"
"P0AEU7"	"skp "	"K06142"
"P0AEV1"	"hnr "	"K02485"
"P0AEW4"	"icc "	"K03651"
"P0AEW6"	"gsk "	"K00892"
"P0AEW9"	"fruK"	"K00882"
"P0AEX5"	"prkB"	"K00855"
"P0AEX9"	"malE"	"K10108"
"P0AEY3"	"mazG"	"K04765"
"P0AEY5"	"mdaB"	"K03923"
"P0AEY8"	"mdfA"	"K08160"
"P0AEZ1"	"metF"	"K00297"
"P0AEZ3"	"minD"	"K03609"
"P0AEZ9"	"moaB"	"K03638"
"P0AF03"	"mog "	"K03831"
"P0AF08"	"mrp "	"K03593"
"P0AF12"	"mtnN"	"K01243"
"P0AF18"	"nagA"	"K01443"
"P0AF20"	"nagC"	"K02565"
"P0AF24"	"nagD"	"K02566"
"P0AF28"	"narL"	"K07684"
"P0AF36"	"zapB"	"K09892"
"P0AF48"	"yjbQ"	"Notmapped"
"P0AF50"	"yjbR"	"Notmapped"
"P0AF56"	"yjcO"	"K07126"
"P0AF59"	"yjdI"	"Notmapped"
"P0AF63"	"nsrR"	"K13771"
"P0AF67"	"yjeE"	"K06925"
"P0AF70"	"yjeI"	"Notmapped"
"P0AF82"	"yjfN"	"Notmapped"
"P0AF90"	"rraB"	"K09893"
"P0AF93"	"yjgF"	"K09022"
"P0AF96"	"yjgK"	"Notmapped"
"P0AFB5"	"glnL"	"K07708"
"P0AFB8"	"glnG"	"K07712"
"P0AFC0"	"nudB"	"K08310"
"P0AFC7"	"nuoB"	"K00331"
"P0AFD1"	"nuoE"	"K00334"
"P0AFD6"	"nuoI"	"K00338"
"P0AFF6"	"nusA"	"K02600"
"P0AFG0"	"nusG"	"K02601"
"P0AFG3"	"sucA"	"K00164"
"P0AFG6"	"sucB"	"K00658"
"P0AFG8"	"aceE"	"K00163"
"P0AFH0"	"ogt "	"K00567"
"P0AFH8"	"osmY"	"K04065"
"P0AFI2"	"parC"	"K02621"
"P0AFI5"	"pbpG"	"K07262"
"P0AFI7"	"pdxH"	"K00275"
"P0AFJ1"	"phnA"	"K06193"
"P0AFJ5"	"phoB"	"K07657"
"P0AFK0"	"pmbA"	"K03592"
"P0AFK9"	"potD"	"K11069"
"P0AFL3"	"ppiA"	"K03767"
"P0AFL6"	"ppx "	"K01524"
"P0AFM2"	"proX"	"K02002"
"P0AFM4"	"psiF"	"Notmapped"
"P0AFM6"	"pspA"	"K03969"
"P0AFP4"	"ybbO"	"K00540"
"P0AFP6"	"ybgI"	"Notmapped"
"P0AFQ7"	"ycfH"	"K03424"
"P0AFR0"	"rssA"	"K07001"
"P0AFR4"	"yciO"	"K07566"
"P0AFS3"	"folM"	"K13938"
"P0AFT5"	"yehT"	"K02477"
"P0AFU4"	"yfhA"	"K07715"
"P0AFU8"	"ribE"	"K00793"
"P0AFV4"	"spr "	"K13694"
"P0AFW0"	"rfaH"	"K05785"
"P0AFW2"	"rmf "	"K03812"
"P0AFW4"	"rnk "	"K06140"
"P0AFW8"	"rof "	"Notmapped"
"P0AFX0"	"yhbH"	"K05808"
"P0AFX4"	"rsd "	"K07740"
"P0AFX7"	"rseA"	"K03597"
"P0AFX9"	"rseB"	"K03598"
"P0AFY8"	"seqA"	"K03645"
"P0AFZ1"	"sseB"	"Notmapped"
"P0AFZ3"	"sspB"	"K03600"
"P0AG07"	"rpe "	"K01783"
"P0AG16"	"purF"	"K00764"
"P0AG18"	"purE"	"K01588"
"P0AG20"	"relA"	"K00951"
"P0AG27"	"yibN"	"Notmapped"
"P0AG30"	"rho "	"K03628"
"P0AG40"	"ribF"	"K11753"
"P0AG44"	"rplQ"	"K02879"
"P0AG48"	"rplU"	"K02888"
"P0AG51"	"rpmD"	"K02907"
"P0AG55"	"rplF"	"K02933"
"P0AG59"	"rpsN"	"K02954"
"P0AG63"	"rpsQ"	"K02961"
"P0AG67"	"rpsA"	"K02945"
"P0AG76"	"sbcD"	"K03547"
"P0AG78"	"sbp "	"K02048"
"P0AG80"	"ugpB"	"K05813"
"P0AG82"	"pstS"	"K02040"
"P0AG84"	"yghA"	"K00540"
"P0AG86"	"secB"	"K03071"
"P0AG90"	"secD"	"K03072"
"P0AG99"	"secG"	"K03075"
"P0AGA6"	"uhpA"	"K07686"
"P0AGB0"	"serB"	"K01079"
"P0AGB6"	"rpoE"	"K03088"
"P0AGC3"	"slt "	"K08309"
"P0AGD1"	"sodC"	"K04565"
"P0AGD3"	"sodB"	"K04564"
"P0AGD7"	"ffh "	"K03106"
"P0AGE0"	"ssb "	"K03111"
"P0AGE6"	"yieF"	"Notmapped"
"P0AGE9"	"sucD"	"K01902"
"P0AGF2"	"ygdK"	"K02426"
"P0AGG0"	"thiL"	"K00946"
"P0AGG2"	"tesB"	"K10805"
"P0AGG4"	"trxC"	"K03672"
"P0AGG8"	"tldD"	"K03568"
"P0AGI8"	"trkA"	"K03499"
"P0AGJ2"	"trmH"	"K00556"
"P0AGJ5"	"yfiF"	"K03214"
"P0AGJ7"	"trmL"	"K03216"
"P0AGJ9"	"tyrS"	"K01866"
"P0AGK4"	"yhbY"	"K07574"
"P0AGK8"	"iscR"	"K13643"
"P0AGL5"	"yfjG"	"Notmapped"
"P0AGL7"	"rsmE"	"K09761"
"P0C018"	"rplR"	"K02881"
"P0C037"	"yaiE"	"K09913"
"P0C054"	"ibpA"	"K04080"
"P0C058"	"ibpB"	"K04081"
"P0C066"	"mltC"	"K08306"
"P0C079"	"relB"	"Notmapped"
"P0C093"	"slmA"	"K05501"
"P0C0K3"	"rdoA"	"Notmapped"
"P0C0L2"	"osmC"	"K04063"
"P0C0L9"	"iscX"	"Notmapped"
"P0C0R7"	"rlmE"	"K02427"
"P0C0T5"	"mepA"	"K07261"
"P0C0U4"	"rimK"	"K05844"
"P0C0V0"	"degP"	"K04771"
"P0C8J6"	"gatY"	"K08302"
"P0C8J8"	"gatZ"	"K16371"
"P0C8K0"	"kbaZ"	"K16371"
"P0C960"	"emtA"	"K08308"
"P0CB39"	"cptA"	"Notmapped"
"P0CE47"	"tufA"	"K02358"
"P0CE49"	"insH"	"Notmapped"
"P0CE60"	"JW58"	"Notmapped"
"P0CF40"	"insC"	"Notmapped"
"P0CG19"	"rph "	"K00989"
"P10100"	"rlpA"	"K03642"
"P10121"	"ftsY"	"K03110"
"P10346"	"glnQ"	"K10038"
"P10371"	"hisA"	"K01814"
"P10378"	"entE"	"K02363"
"P10384"	"fadL"	"K06076"
"P10408"	"secA"	"K03070"
"P10423"	"iap "	"K09612"
"P10441"	"lpxB"	"K00748"
"P10442"	"rnhB"	"K03470"
"P10443"	"dnaE"	"K02337"
"P10902"	"nadB"	"K00278"
"P10907"	"ugpC"	"K05816"
"P10908"	"ugpQ"	"K01126"
"P11349"	"narH"	"K00371"
"P11446"	"argC"	"K00145"
"P11447"	"argH"	"K01755"
"P11458"	"nadA"	"K03517"
"P11557"	"damX"	"K03112"
"P11875"	"argS"	"K01887"
"P11880"	"murF"	"K01929"
"P12008"	"aroC"	"K01736"
"P12281"	"moeA"	"K03750"
"P12282"	"moeB"	"K11996"
"P12295"	"ung "	"K03648"
"P12758"	"udp "	"K00757"
"P12994"	"ybhB"	"K06910"
"P12995"	"bioA"	"K00833"
"P12996"	"bioB"	"K01012"
"P12998"	"bioF"	"K00652"
"P12999"	"bioC"	"K02169"
"P13000"	"bioD"	"K01935"
"P13001"	"bioH"	"K02170"
"P13009"	"metH"	"K00548"
"P13016"	"ampD"	"K03806"
"P13024"	"fdhE"	"K02380"
"P13029"	"katG"	"K03782"
"P13033"	"glpB"	"K00112"
"P13035"	"glpD"	"K00111"
"P13036"	"fecA"	"K16091"
"P13039"	"fes "	"K07214"
"P13445"	"rpoS"	"K03087"
"P13458"	"sbcC"	"K03546"
"P13482"	"treA"	"K01194"
"P13656"	"chiA"	"K13381"
"P13669"	"mngR"	"K11922"
"P13857"	"rimL"	"K03817"
"P14081"	"selB"	"K03833"
"P14175"	"proV"	"K02000"
"P14294"	"topB"	"K03169"
"P14407"	"fumB"	"K01676"
"P14900"	"murD"	"K01925"
"P15028"	"fecB"	"K02016"
"P15031"	"fecE"	"K02013"
"P15034"	"pepP"	"K01262"
"P15038"	"helD"	"K03658"
"P15042"	"ligA"	"K01972"
"P15047"	"entA"	"K00216"
"P15078"	"cstA"	"K06200"
"P15082"	"srlR"	"K02468"
"P15254"	"purL"	"K01952"
"P15288"	"pepD"	"K01270"
"P15373"	"sohA"	"Notmapped"
"P15639"	"purH"	"K00602"
"P15640"	"purD"	"K01945"
"P15770"	"aroE"	"K00014"
"P15877"	"gcd "	"K00117"
"P16095"	"sdaA"	"K01752"
"P16384"	"miaA"	"K00791"
"P16456"	"selD"	"K01008"
"P16525"	"tus "	"K10748"
"P16528"	"iclR"	"K13641"
"P16659"	"proS"	"K01881"
"P16676"	"cysA"	"K02045"
"P16681"	"phnB"	"K04750"
"P16691"	"phnO"	"K09994"
"P16692"	"phnP"	"K06167"
"P16700"	"cysP"	"K02048"
"P16703"	"cysM"	"K12339"
"P16926"	"mreC"	"K03570"
"P17109"	"menD"	"K02551"
"P17115"	"gutQ"	"K02467"
"P17117"	"nfsA"	"K10678"
"P17169"	"glmS"	"K00820"
"P17315"	"cirA"	"K16089"
"P17443"	"murG"	"K02563"
"P17445"	"betB"	"K00130"
"P17846"	"cysI"	"K00381"
"P17854"	"cysH"	"K00390"
"P17888"	"priA"	"K04066"
"P17952"	"murC"	"K01924"
"P17993"	"ubiG"	"K00568"
"P18133"	"pncB"	"K00763"
"P18196"	"minC"	"K03610"
"P18335"	"argD"	"K00821"
"P18390"	"yjjA"	"Notmapped"
"P18393"	"ybdZ"	"Notmapped"
"P18843"	"nadE"	"K01916"
"P18956"	"ggt "	"K00681"
"P19624"	"pdxA"	"K00097"
"P19636"	"eutC"	"K03736"
"P19926"	"agp "	"K01085"
"P20083"	"parE"	"K02622"
"P20099"	"bisC"	"K08351"
"P20605"	"fic "	"K04095"
"P21151"	"fadA"	"K00632"
"P21156"	"cysD"	"K00957"
"P21165"	"pepQ"	"K01271"
"P21169"	"speC"	"K01581"
"P21170"	"speA"	"K01585"
"P21177"	"fadB"	"K01825"
"P21179"	"katE"	"K03781"
"P21338"	"rna "	"K01169"
"P21361"	"yciG"	"K06884"
"P21362"	"yciF"	"Notmapped"
"P21363"	"yciE"	"Notmapped"
"P21367"	"ycaC"	"Notmapped"
"P21369"	"pncA"	"K08281"
"P21420"	"nmpC"	"Notmapped"
"P21499"	"rnr "	"K12573"
"P21507"	"srmB"	"K05590"
"P21513"	"rne "	"K08300"
"P21515"	"acpH"	"K08682"
"P21599"	"pykA"	"K00873"
"P21645"	"lpxD"	"K02536"
"P21693"	"dbpA"	"K05591"
"P21829"	"ybhA"	"K07024"
"P21866"	"kdpE"	"K07667"
"P21888"	"cysS"	"K01883"
"P21889"	"aspS"	"K01876"
"P21893"	"recJ"	"K07462"
"P22106"	"asnB"	"K01953"
"P22186"	"mraZ"	"K03925"
"P22188"	"murE"	"K01928"
"P22255"	"cysQ"	"K01082"
"P22256"	"gabT"	"K07250"
"P22259"	"pckA"	"K01610"
"P22333"	"add "	"K01488"
"P22523"	"mukB"	"K03632"
"P22524"	"mukE"	"K03804"
"P22525"	"ycbB"	"Notmapped"
"P22564"	"rihC"	"K12700"
"P22634"	"murI"	"K01776"
"P22731"	"livF"	"K01996"
"P22939"	"ispA"	"K00795"
"P23003"	"trmA"	"K00557"
"P23305"	"yigA"	"K09921"
"P23331"	"tdk "	"K00857"
"P23367"	"mutL"	"K03572"
"P23485"	"fecR"	"K07165"
"P23522"	"garL"	"K01630"
"P23538"	"ppsA"	"K01007"
"P23721"	"serC"	"K00831"
"P23827"	"eco "	"K08276"
"P23830"	"pssA"	"K00998"
"P23836"	"phoP"	"K07660"
"P23839"	"yicC"	"Notmapped"
"P23840"	"dinD"	"K14623"
"P23843"	"oppA"	"K15580"
"P23845"	"cysN"	"K00956"
"P23847"	"dppA"	"K12368"
"P23857"	"pspE"	"K03972"
"P23862"	"priC"	"K04067"
"P23865"	"prc "	"K03797"
"P23869"	"ppiB"	"K03768"
"P23871"	"hemH"	"K01772"
"P23882"	"fmt "	"K00604"
"P23883"	"puuC"	"K09472"
"P23893"	"hemL"	"K01845"
"P23894"	"htpX"	"K03799"
"P23908"	"argE"	"K01438"
"P23909"	"mutS"	"K03555"
"P23917"	"mak "	"K00847"
"P24171"	"dcp "	"K01284"
"P24173"	"rfaC"	"K02841"
"P24178"	"yffB"	"Notmapped"
"P24182"	"accC"	"K01961"
"P24186"	"folD"	"K01491"
"P24188"	"yceA"	"K07146"
"P24197"	"ygiD"	"Notmapped"
"P24202"	"mrr "	"K07448"
"P24203"	"yjiA"	"Notmapped"
"P24205"	"msbB"	"K02560"
"P24215"	"uxuA"	"K01686"
"P24224"	"acpS"	"K00997"
"P24228"	"dacB"	"K07259"
"P24230"	"recG"	"K03655"
"P24232"	"hmp "	"K05916"
"P24242"	"ascG"	"K03487"
"P24251"	"crl "	"K11926"
"P24252"	"ybgA"	"Notmapped"
"P24255"	"rpoN"	"K03092"
"P24554"	"radA"	"K04485"
"P25397"	"tehB"	"K16868"
"P25437"	"frmA"	"K00121"
"P25516"	"acnA"	"K01681"
"P25519"	"hflX"	"K03665"
"P25522"	"mnmE"	"K03650"
"P25524"	"codA"	"K01485"
"P25526"	"gabD"	"K00135"
"P25534"	"ubiH"	"K03185"
"P25535"	"visC"	"Notmapped"
"P25536"	"yhdE"	"K06287"
"P25539"	"ribD"	"K11752"
"P25553"	"aldA"	"K07248"
"P25665"	"metE"	"K00549"
"P25718"	"malS"	"K01176"
"P25738"	"msyB"	"K12147"
"P25740"	"rfaG"	"K02844"
"P25745"	"mnmA"	"K00566"
"P25746"	"hflD"	"K07153"
"P25748"	"galS"	"K02529"
"P25894"	"yggG"	"K07387"
"P25906"	"ydbC"	"Notmapped"
"P26281"	"folK"	"K00950"
"P26365"	"amiB"	"K01448"
"P26602"	"ubiC"	"K03181"
"P26612"	"amyA"	"K01176"
"P26616"	"maeA"	"K00027"
"P26646"	"yhdH"	"Notmapped"
"P26648"	"sufI"	"K04753"
"P26649"	"glgS"	"Notmapped"
"P27238"	"yfeD"	"Notmapped"
"P27247"	"plsX"	"K03621"
"P27248"	"gcvT"	"K00605"
"P27249"	"glnD"	"K00990"
"P27250"	"yjgB"	"K12957"
"P27278"	"nadR"	"K06211"
"P27298"	"prlC"	"K01414"
"P27302"	"tktA"	"K00615"
"P27305"	"gluQ"	"K01894"
"P27306"	"sthA"	"K00322"
"P27431"	"ycfD"	"Notmapped"
"P27434"	"rodZ"	"K15539"
"P27550"	"acs "	"K01895"
"P27828"	"wecB"	"K01791"
"P27829"	"wecC"	"K02472"
"P27830"	"rffG"	"K01710"
"P27832"	"rffC"	"K16704"
"P27833"	"rffA"	"K02805"
"P27836"	"wecG"	"K02852"
"P27838"	"cyaY"	"K06202"
"P27848"	"yigL"	"K07024"
"P27859"	"tatD"	"K03424"
"P27862"	"yigZ"	"Notmapped"
"P28248"	"dcd "	"K01494"
"P28304"	"qorA"	"K00344"
"P28305"	"pabC"	"K02619"
"P28631"	"holB"	"K02341"
"P28632"	"holD"	"K02344"
"P28634"	"yaeB"	"Notmapped"
"P28635"	"metQ"	"K02073"
"P28861"	"fpr "	"K00528"
"P28903"	"nrdD"	"K00527"
"P28904"	"treC"	"K01226"
"P28905"	"holC"	"K02339"
"P29012"	"dadX"	"K01775"
"P29013"	"ycgB"	"Notmapped"
"P29018"	"cydD"	"K16013"
"P29131"	"ftsN"	"K03591"
"P29208"	"menC"	"K02549"
"P29217"	"yceH"	"K09915"
"P29680"	"hemE"	"K01599"
"P29745"	"pepT"	"K01258"
"P30011"	"nadC"	"K00767"
"P30014"	"rnt "	"K03683"
"P30125"	"leuB"	"K00052"
"P30126"	"leuD"	"K01704"
"P30128"	"greB"	"K04760"
"P30147"	"hyi "	"K01816"
"P30177"	"ybiB"	"Notmapped"
"P30178"	"ybiC"	"K13574"
"P30744"	"sdaB"	"K01752"
"P30748"	"moaD"	"K03636"
"P30749"	"moaE"	"K03635"
"P30750"	"metN"	"K02071"
"P30843"	"basR"	"K07771"
"P30850"	"rnb "	"K01147"
"P30859"	"artI"	"K09997"
"P30860"	"artJ"	"K09996"
"P30863"	"dkgB"	"K06222"
"P30864"	"yafC"	"Notmapped"
"P30871"	"ygiF"	"Notmapped"
"P30958"	"mfd "	"K03723"
"P31057"	"panB"	"K00606"
"P31060"	"modF"	"K05776"
"P31063"	"yedD"	"Notmapped"
"P31069"	"kch "	"K10716"
"P31120"	"glmM"	"K03431"
"P31130"	"ydeI"	"Notmapped"
"P31131"	"ydeJ"	"Notmapped"
"P31133"	"potF"	"K11073"
"P31134"	"potG"	"K11076"
"P31142"	"sseA"	"K01011"
"P31441"	"ade "	"K01486"
"P31455"	"yidR"	"Notmapped"
"P31459"	"dgoK"	"K00883"
"P31460"	"dgoR"	"Notmapped"
"P31467"	"yieH"	"Notmapped"
"P31473"	"ravA"	"K03924"
"P31475"	"yieP"	"Notmapped"
"P31545"	"ycdB"	"K16301"
"P31550"	"thiB"	"K02064"
"P31551"	"caiD"	"K08299"
"P31554"	"lptD"	"K04744"
"P31600"	"nfrA"	"K11739"
"P31658"	"hchA"	"K05523"
"P31660"	"prpC"	"K01659"
"P31663"	"panC"	"K01918"
"P31677"	"otsA"	"K00697"
"P31678"	"otsB"	"K01087"
"P31697"	"fimC"	"K07346"
"P31802"	"narP"	"K07685"
"P31806"	"yjeF"	"Notmapped"
"P31808"	"yciK"	"Notmapped"
"P31825"	"yfiC"	"K15460"
"P31827"	"yddB"	"Notmapped"
"P31828"	"pqqL"	"K07263"
"P31979"	"nuoF"	"K00335"
"P31992"	"pptA"	"K01821"
"P32099"	"lplA"	"K03800"
"P32125"	"mobB"	"K03753"
"P32131"	"hemN"	"K02495"
"P32132"	"typA"	"K06207"
"P32134"	"yihM"	"Notmapped"
"P32141"	"yihT"	"K01671"
"P32144"	"yihW"	"Notmapped"
"P32157"	"yiiM"	"Notmapped"
"P32160"	"yiiQ"	"Notmapped"
"P32162"	"yiiS"	"Notmapped"
"P32173"	"mobA"	"K03752"
"P32176"	"fdoG"	"K00123"
"P32177"	"fdhD"	"K02379"
"P32662"	"gph "	"K01091"
"P32664"	"nudC"	"K03426"
"P32677"	"yijO"	"Notmapped"
"P32680"	"yjaG"	"K09891"
"P32684"	"rluF"	"K06182"
"P32685"	"yjbD"	"Notmapped"
"P32695"	"dusA"	"K05539"
"P32705"	"actP"	"K14393"
"P33012"	"gyrI"	"K07470"
"P33014"	"yeeD"	"Notmapped"
"P33015"	"yeeE"	"K07112"
"P33018"	"yeiG"	"K01070"
"P33025"	"psuG"	"K16329"
"P33029"	"yeiQ"	"K00540"
"P33030"	"yeiR"	"Notmapped"
"P33136"	"mdoG"	"K03670"
"P33195"	"gcvP"	"K00281"
"P33218"	"yebE"	"Notmapped"
"P33219"	"yebF"	"Notmapped"
"P33221"	"purT"	"K08289"
"P33232"	"lldD"	"K00101"
"P33355"	"yehS"	"Notmapped"
"P33360"	"yehX"	"K05847"
"P33362"	"osmF"	"K05845"
"P33363"	"bglX"	"K05349"
"P33368"	"yohF"	"K00540"
"P33371"	"dusC"	"K05541"
"P33570"	"tktB"	"K00615"
"P33599"	"nuoC"	"K13378"
"P33602"	"nuoG"	"K00336"
"P33643"	"rluD"	"K06180"
"P33644"	"yfiH"	"K05810"
"P33667"	"selU"	"K06917"
"P33913"	"yejA"	"K13893"
"P33920"	"yejK"	"K06899"
"P33937"	"napA"	"K02567"
"P33940"	"mqo "	"K00116"
"P34209"	"ydcF"	"Notmapped"
"P35340"	"ahpF"	"K03387"
"P36548"	"amiA"	"K01448"
"P36553"	"hemF"	"K00228"
"P36562"	"cobT"	"K00768"
"P36566"	"smtA"	"K06219"
"P36649"	"cueO"	"K14588"
"P36659"	"cbpA"	"K05516"
"P36667"	"wbbL"	"Notmapped"
"P36672"	"treB"	"K02818"
"P36673"	"treR"	"K03485"
"P36680"	"yacF"	"Notmapped"
"P36683"	"acnB"	"K01682"
"P36767"	"rdgC"	"K03554"
"P36771"	"lrhA"	"Notmapped"
"P36879"	"yadG"	"K01990"
"P36928"	"yegD"	"K04046"
"P36929"	"rsmB"	"K03500"
"P36930"	"gatR"	"Notmapped"
"P36938"	"pgm "	"K01835"
"P36979"	"rlmN"	"K06941"
"P36995"	"cspB"	"K03704"
"P36999"	"rlmA"	"K00563"
"P37005"	"lasT"	"K02533"
"P37028"	"btuF"	"K06858"
"P37051"	"purU"	"K01433"
"P37052"	"ychJ"	"K09858"
"P37095"	"pepB"	"K07751"
"P37127"	"aegA"	"Notmapped"
"P37128"	"nudK"	"K12945"
"P37146"	"nrdF"	"K00526"
"P37177"	"ptsP"	"K08484"
"P37182"	"hybD"	"K08567"
"P37188"	"gatB"	"K02774"
"P37194"	"slp "	"K07285"
"P37313"	"dppF"	"K12372"
"P37325"	"ybcH"	"Notmapped"
"P37329"	"modA"	"K02020"
"P37330"	"glcB"	"K01638"
"P37338"	"csiR"	"K15735"
"P37339"	"lhgO"	"K15736"
"P37344"	"pspF"	"K03974"
"P37348"	"yecE"	"Notmapped"
"P37349"	"dhaM"	"K05881"
"P37351"	"rpiB"	"K01808"
"P37387"	"xylF"	"K10543"
"P37440"	"ucpA"	"K00540"
"P37590"	"pmrD"	"Notmapped"
"P37595"	"iaaA"	"K13051"
"P37610"	"tauD"	"K03119"
"P37613"	"yhhK"	"Notmapped"
"P37626"	"yhiI"	"K01993"
"P37631"	"yhiN"	"K07007"
"P37634"	"yhiR"	"K07115"
"P37636"	"mdtE"	"Notmapped"
"P37642"	"yhjD"	"K07058"
"P37645"	"yhjG"	"K07290"
"P37647"	"kdgK"	"K00874"
"P37648"	"yhjJ"	"Notmapped"
"P37659"	"yhjU"	"Notmapped"
"P37661"	"eptB"	"K12975"
"P37665"	"yiaD"	"Notmapped"
"P37666"	"ghrB"	"K00090"
"P37671"	"yiaJ"	"Notmapped"
"P37676"	"yiaO"	"Notmapped"
"P37678"	"sgbH"	"K03081"
"P37685"	"aldB"	"K00138"
"P37689"	"gpmI"	"K15633"
"P37690"	"yibP"	"Notmapped"
"P37691"	"yibQ"	"K09798"
"P37692"	"rfaF"	"K02843"
"P37744"	"rmlA"	"K00973"
"P37745"	"rfbC"	"K01790"
"P37747"	"glf "	"K01854"
"P37749"	"yefG"	"Notmapped"
"P37757"	"yddE"	"K06998"
"P37759"	"rfbB"	"K01710"
"P37760"	"rfbD"	"K00067"
"P37765"	"rluB"	"K06178"
"P37767"	"yfhH"	"Notmapped"
"P37769"	"kduD"	"K00065"
"P37773"	"mpl "	"K02558"
"P37774"	"yecC"	"K10010"
"P37794"	"chbG"	"K03478"
"P37902"	"gltI"	"K10001"
"P37903"	"uspF"	"K14061"
"P38038"	"cysJ"	"K00380"
"P38051"	"menF"	"K02552"
"P38104"	"rspA"	"K08323"
"P38105"	"rspB"	"K08322"
"P38489"	"nfnB"	"K10679"
"P38506"	"ygdG"	"K01146"
"P38521"	"yggL"	"K09923"
"P38684"	"torR"	"K07772"
"P39099"	"degQ"	"K04772"
"P39160"	"uxuB"	"K00040"
"P39161"	"uxuR"	"K13637"
"P39172"	"znuA"	"K09815"
"P39173"	"yeaD"	"K01792"
"P39176"	"erfK"	"K16291"
"P39177"	"uspG"	"K11932"
"P39180"	"flu "	"K12687"
"P39187"	"ytfJ"	"K07109"
"P39199"	"yfcB"	"K07320"
"P39208"	"idnK"	"K00851"
"P39265"	"alsB"	"K10549"
"P39280"	"yjeK"	"Notmapped"
"P39286"	"rsgA"	"K06949"
"P39310"	"ytfB"	"K07269"
"P39315"	"qorB"	"Notmapped"
"P39325"	"ytfQ"	"K02058"
"P39332"	"yjgH"	"Notmapped"
"P39334"	"yjgJ"	"Notmapped"
"P39337"	"yjgM"	"K03828"
"P39342"	"yjgR"	"K06915"
"P39346"	"idnD"	"K00098"
"P39353"	"yjhC"	"Notmapped"
"P39356"	"yjhU"	"Notmapped"
"P39359"	"yjhH"	"K01714"
"P39363"	"sgcA"	"K02773"
"P39364"	"sgcQ"	"K06971"
"P39366"	"sgcX"	"Notmapped"
"P39371"	"nanM"	"Notmapped"
"P39380"	"kptA"	"K07559"
"P39401"	"mdoB"	"K01002"
"P39405"	"fhuF"	"K13255"
"P39406"	"rsmC"	"K00564"
"P39407"	"yjjU"	"Notmapped"
"P39408"	"yjjV"	"K03424"
"P39411"	"yjjX"	"Notmapped"
"P39451"	"adhP"	"K13953"
"P39829"	"garD"	"K01708"
"P39831"	"ydfG"	"K16066"
"P39838"	"rcsD"	"K07676"
"P40120"	"mdoD"	"Notmapped"
"P40191"	"pdxK"	"K00868"
"P40710"	"nlpE"	"K06079"
"P40874"	"solA"	"K02846"
"P41039"	"ybiI"	"Notmapped"
"P41052"	"mltB"	"K08305"
"P41407"	"azoR"	"K01118"
"P41409"	"rihA"	"K01250"
"P42588"	"patA"	"K09251"
"P42593"	"fadH"	"K00219"
"P42596"	"rlmG"	"K11391"
"P42597"	"ygjP"	"K07043"
"P42599"	"ygjR"	"Notmapped"
"P42616"	"yqjC"	"Notmapped"
"P42620"	"yqjG"	"K07393"
"P42624"	"yhaK"	"K06911"
"P42626"	"yhaM"	"Notmapped"
"P42632"	"tdcE"	"K00656"
"P42641"	"obgE"	"K03979"
"P42904"	"agaV"	"K02745"
"P43329"	"hrpA"	"K03578"
"P43337"	"nudL"	"Notmapped"
"P43340"	"ycaK"	"K00358"
"P43671"	"pqiB"	"K06192"
"P43672"	"uup "	"K15738"
"P45395"	"kdsD"	"K06041"
"P45424"	"yhcH"	"Notmapped"
"P45425"	"nanK"	"K00885"
"P45464"	"lpoA"	"K07121"
"P45469"	"yraR"	"Notmapped"
"P45470"	"yhbO"	"K05520"
"P45523"	"fkpA"	"K03772"
"P45524"	"yheT"	"K07019"
"P45530"	"tusB"	"K07237"
"P45531"	"tusC"	"K07236"
"P45532"	"tusD"	"K07235"
"P45544"	"frlR"	"K10711"
"P45552"	"yhfZ"	"Notmapped"
"P45568"	"dxr "	"K00099"
"P45577"	"proQ"	"K03607"
"P45578"	"luxS"	"K07173"
"P45579"	"ybdH"	"K08317"
"P45748"	"rimN"	"K07566"
"P45771"	"yrdD"	"K07479"
"P45795"	"yrdB"	"Notmapped"
"P45799"	"nudE"	"K08312"
"P45955"	"ybgF"	"Notmapped"
"P46022"	"mtgA"	"K03814"
"P46118"	"hexR"	"Notmapped"
"P46122"	"yajI"	"Notmapped"
"P46130"	"ybhC"	"K01051"
"P46144"	"yedJ"	"K06950"
"P46474"	"yhdP"	"Notmapped"
"P46837"	"yhgF"	"K06959"
"P46852"	"yhhW"	"K06911"
"P46853"	"yhhX"	"Notmapped"
"P46854"	"yhhY"	"K03825"
"P46859"	"gntK"	"K00851"
"P46887"	"yecH"	"Notmapped"
"P46888"	"uspC"	"K14064"
"P46889"	"ftsK"	"K03466"
"P50465"	"nei "	"K05522"
"P51020"	"mhpE"	"K01666"
"P51024"	"yaiL"	"K09912"
"P51025"	"frmB"	"K01070"
"P51981"	"ycjG"	"Notmapped"
"P52006"	"nudI"	"K12944"
"P52007"	"yecM"	"K09907"
"P52037"	"ygfF"	"Notmapped"
"P52060"	"yggU"	"K09131"
"P52061"	"rdgB"	"K02428"
"P52062"	"yggW"	"K02495"
"P52073"	"glcE"	"K11472"
"P52076"	"qseB"	"K07666"
"P52096"	"yaeR"	"K08234"
"P52097"	"tilS"	"K04075"
"P52106"	"csgD"	"K04333"
"P52108"	"rstA"	"K07661"
"P52119"	"yfjF"	"K09801"
"P52598"	"ygbI"	"Notmapped"
"P52643"	"ldhA"	"K03778"
"P52647"	"ydbK"	"K03737"
"P52697"	"pgl "	"K07404"
"P54746"	"mngB"	"K15524"
"P55135"	"rumA"	"K03215"
"P56262"	"ysgA"	"K01061"
"P56614"	"ymdF"	"Notmapped"
"P58035"	"sgcB"	"K02774"
"P58094"	"yciX"	"Notmapped"
"P60240"	"rapA"	"K03580"
"P60293"	"mukF"	"K03633"
"P60340"	"truB"	"K03177"
"P60390"	"rsmH"	"K03438"
"P60422"	"rplB"	"K02886"
"P60438"	"rplC"	"K02906"
"P60472"	"uppS"	"K00806"
"P60546"	"gmk "	"K00942"
"P60560"	"guaC"	"K00364"
"P60595"	"hisH"	"K02501"
"P60624"	"rplX"	"K02895"
"P60651"	"speB"	"K01480"
"P60664"	"hisF"	"K02500"
"P60716"	"lipA"	"K03644"
"P60720"	"lipB"	"K03801"
"P60723"	"rplD"	"K02926"
"P60752"	"msbA"	"K11085"
"P60757"	"hisG"	"K00765"
"P60785"	"lepA"	"K03596"
"P60906"	"hisS"	"K01892"
"P61175"	"rplV"	"K02890"
"P61316"	"lolA"	"K03634"
"P61320"	"lolB"	"K02494"
"P61517"	"can "	"K01673"
"P61714"	"ribH"	"K00794"
"P61887"	"rmlA"	"K00973"
"P61889"	"mdh "	"K00024"
"P61949"	"fldA"	"K03839"
"P62399"	"rplE"	"K02931"
"P62601"	"treF"	"K01194"
"P62615"	"ispE"	"K00919"
"P62617"	"ispF"	"K01770"
"P62620"	"ispG"	"K03526"
"P62623"	"ispH"	"K03527"
"P62707"	"gpmA"	"K01834"
"P62768"	"yaeH"	"Notmapped"
"P63020"	"nfuA"	"K07400"
"P63177"	"rlmB"	"K03218"
"P63224"	"gmhA"	"K03271"
"P63228"	"gmhB"	"K03273"
"P63284"	"clpB"	"K03695"
"P63386"	"mlaF"	"K02065"
"P63389"	"yheS"	"K06158"
"P63417"	"yhbS"	"K03824"
"P63883"	"amiC"	"K01448"
"P64429"	"ypfJ"	"K07054"
"P64451"	"ydcL"	"Notmapped"
"P64455"	"ydcY"	"Notmapped"
"P64461"	"lsrG"	"K11530"
"P64463"	"ydfZ"	"Notmapped"
"P64467"	"cnu "	"Notmapped"
"P64476"	"ydiH"	"Notmapped"
"P64479"	"ydiZ"	"Notmapped"
"P64483"	"yeaK"	"Notmapped"
"P64490"	"yoaC"	"Notmapped"
"P64493"	"yoaF"	"K09712"
"P64503"	"yebV"	"Notmapped"
"P64506"	"yebY"	"Notmapped"
"P64517"	"yodC"	"Notmapped"
"P64519"	"yodD"	"Notmapped"
"P64534"	"yohN"	"Notmapped"
"P64540"	"yfcL"	"Notmapped"
"P64554"	"ygcF"	"K10026"
"P64559"	"ygfY"	"K09159"
"P64574"	"yghW"	"Notmapped"
"P64581"	"yqjD"	"Notmapped"
"P64588"	"yqjI"	"Notmapped"
"P64594"	"yhaV"	"Notmapped"
"P64596"	"yraP"	"Notmapped"
"P64599"	"yhbT"	"Notmapped"
"P64602"	"mlaB"	"K07122"
"P64610"	"yrbL"	"Notmapped"
"P64612"	"yhcM"	"K06916"
"P64614"	"yhcN"	"Notmapped"
"P64616"	"yhcO"	"K03623"
"P64624"	"yheO"	"Notmapped"
"P64636"	"yrfG"	"K07025"
"P64638"	"feoC"	"K07490"
"P65292"	"ygdI"	"Notmapped"
"P65367"	"yqcA"	"Notmapped"
"P65556"	"yfcD"	"K01554"
"P65807"	"ygeY"	"Notmapped"
"P66817"	"diaA"	"K12961"
"P66948"	"yfgC"	"Notmapped"
"P67080"	"yggS"	"K06997"
"P67087"	"rsmI"	"K07056"
"P67095"	"yfcE"	"K07095"
"P67338"	"yoaH"	"K09917"
"P67430"	"nemR"	"K16137"
"P67603"	"yqfB"	"K09900"
"P67624"	"yheU"	"K09898"
"P67660"	"yhaJ"	"Notmapped"
"P67699"	"yddM"	"Notmapped"
"P67826"	"cutC"	"K06201"
"P67910"	"hldD"	"K03274"
"P68066"	"grcA"	"K06866"
"P68187"	"malK"	"K10111"
"P68191"	"sra "	"K02972"
"P68206"	"yjbJ"	"Notmapped"
"P68398"	"tadA"	"K11991"
"P68567"	"yhiQ"	"K15984"
"P68679"	"rpsU"	"K02970"
"P68688"	"grxA"	"K03674"
"P68739"	"nfi "	"K05982"
"P68767"	"pepA"	"K01255"
"P68919"	"rplY"	"K02897"
"P69222"	"infA"	"K02518"
"P69228"	"baeR"	"K07664"
"P69346"	"yefM"	"Notmapped"
"P69407"	"rcsB"	"K07687"
"P69411"	"rcsF"	"K06080"
"P69425"	"tatB"	"K03117"
"P69428"	"tatA"	"K03116"
"P69441"	"adk "	"K00939"
"P69451"	"fadD"	"K01897"
"P69488"	"cutA"	"K03926"
"P69503"	"apt "	"K00759"
"P69506"	"ytfE"	"K07322"
"P69776"	"lpp "	"K06078"
"P69783"	"crr "	"K02777"
"P69786"	"ptsG"	"K02778"
"P69791"	"chbA"	"K02759"
"P69795"	"chbB"	"K02760"
"P69797"	"manX"	"K02793"
"P69805"	"manZ"	"K02796"
"P69811"	"fruB"	"K02768"
"P69822"	"ulaB"	"K02822"
"P69828"	"gatA"	"K02773"
"P69829"	"ptsN"	"K02806"
"P69853"	"dmsD"	"Notmapped"
"P69874"	"potA"	"K11072"
"P69908"	"gadA"	"K01580"
"P69910"	"gadB"	"K01580"
"P69913"	"csrA"	"K03563"
"P69924"	"nrdB"	"K00526"
"P69931"	"hda "	"K10763"
"P71298"	"intF"	"Notmapped"
"P75682"	"yagE"	"K01714"
"P75691"	"yahK"	"K13979"
"P75694"	"yahO"	"Notmapped"
"P75713"	"ylbA"	"K14977"
"P75728"	"ubiF"	"K03184"
"P75736"	"ybfF"	"K01175"
"P75745"	"ybgK"	"Notmapped"
"P75746"	"ybgL"	"K07160"
"P75767"	"ybhK"	"Notmapped"
"P75779"	"ybiX"	"K07336"
"P75780"	"fiu "	"K16090"
"P75782"	"rlmF"	"K06970"
"P75785"	"ybiP"	"Notmapped"
"P75791"	"ybiU"	"Notmapped"
"P75792"	"supH"	"K07757"
"P75804"	"yliI"	"Notmapped"
"P75809"	"ybjI"	"K07024"
"P75817"	"rumB"	"K03212"
"P75818"	"ybjP"	"Notmapped"
"P75820"	"amiD"	"K11066"
"P75821"	"ybjS"	"Notmapped"
"P75823"	"ltaE"	"K01620"
"P75829"	"ybjX"	"K09824"
"P75838"	"ycaO"	"K09136"
"P75849"	"ycbL"	"Notmapped"
"P75863"	"ycbX"	"K07140"
"P75864"	"rlmL"	"K12297"
"P75867"	"ycbZ"	"K04770"
"P75874"	"yccU"	"K06929"
"P75876"	"rlmI"	"K06969"
"P75913"	"ghrA"	"K12972"
"P75914"	"ycdX"	"K04477"
"P75915"	"ycdY"	"Notmapped"
"P75931"	"mviM"	"K03810"
"P75937"	"flgE"	"K02390"
"P75952"	"ycfQ"	"Notmapped"
"P75954"	"ycfS"	"K16291"
"P75957"	"lolD"	"K09810"
"P75959"	"nagK"	"K00884"
"P75960"	"cobB"	"K12410"
"P75974"	"ymfK"	"Notmapped"
"P75989"	"ycgE"	"Notmapped"
"P75992"	"ymgA"	"Notmapped"
"P76002"	"ycgK"	"Notmapped"
"P76004"	"ycgM"	"Notmapped"
"P76008"	"ldcA"	"K01297"
"P76014"	"dhaL"	"K05879"
"P76015"	"dhaK"	"K05878"
"P76027"	"oppD"	"K15583"
"P76034"	"yciT"	"Notmapped"
"P76046"	"ycjX"	"K06918"
"P76049"	"ycjY"	"K06889"
"P76053"	"ydaL"	"Notmapped"
"P76055"	"ttcA"	"K14058"
"P76062"	"racR"	"Notmapped"
"P76073"	"ynaE"	"Notmapped"
"P76076"	"ydbL"	"K09978"
"P76085"	"paaK"	"K01912"
"P76097"	"ydcJ"	"Notmapped"
"P76104"	"ydcP"	"K08303"
"P76108"	"ydcS"	"K02055"
"P76112"	"yncA"	"K03823"
"P76113"	"yncB"	"K07119"
"P76116"	"yncE"	"Notmapped"
"P76121"	"yddH"	"Notmapped"
"P76128"	"ddpA"	"K02035"
"P76141"	"lsrR"	"K11531"
"P76142"	"lsrB"	"K10555"
"P76143"	"lsrF"	"K08321"
"P76145"	"tam "	"K00598"
"P76149"	"yneI"	"K08324"
"P76170"	"ynfB"	"Notmapped"
"P76172"	"ynfD"	"Notmapped"
"P76176"	"ydgD"	"K04775"
"P76177"	"ydgH"	"Notmapped"
"P76187"	"ydhF"	"Notmapped"
"P76190"	"ydhO"	"Notmapped"
"P76193"	"ynhG"	"K16291"
"P76194"	"sufE"	"K02426"
"P76206"	"ydiY"	"K07283"
"P76217"	"astD"	"K06447"
"P76223"	"ynjB"	"K05777"
"P76227"	"ynjH"	"Notmapped"
"P76231"	"yeaC"	"K09916"
"P76234"	"yeaE"	"Notmapped"
"P76243"	"yeaO"	"Notmapped"
"P76245"	"yeaP"	"K13069"
"P76256"	"yeaZ"	"K14742"
"P76268"	"kdgR"	"Notmapped"
"P76270"	"yebR"	"K07170"
"P76272"	"yebT"	"Notmapped"
"P76273"	"rsmF"	"K11392"
"P76290"	"cmoA"	"K15256"
"P76291"	"cmoB"	"K15257"
"P76316"	"dcyD"	"K05396"
"P76318"	"yedK"	"Notmapped"
"P76329"	"yedP"	"K07026"
"P76340"	"yedW"	"K02483"
"P76341"	"hiuH"	"K07127"
"P76342"	"yedY"	"K07147"
"P76346"	"mtfA"	"K09933"
"P76372"	"wzzB"	"K05789"
"P76373"	"ugd "	"K00012"
"P76397"	"mdtA"	"K07799"
"P76402"	"yegP"	"K09946"
"P76403"	"yegQ"	"K08303"
"P76407"	"yegS"	"K07029"
"P76422"	"thiD"	"K00941"
"P76423"	"thiM"	"K00878"
"P76471"	"yfaZ"	"Notmapped"
"P76491"	"yfbR"	"K08722"
"P76501"	"yfcR"	"Notmapped"
"P76502"	"sixA"	"K08296"
"P76503"	"fadI"	"K00632"
"P76507"	"yfdI"	"Notmapped"
"P76535"	"murQ"	"K07106"
"P76536"	"yfeX"	"K07223"
"P76539"	"ypeA"	"Notmapped"
"P76541"	"eutL"	"K04026"
"P76549"	"yffR"	"Notmapped"
"P76550"	"yffS"	"Notmapped"
"P76558"	"maeB"	"K00029"
"P76561"	"ypfH"	"K06999"
"P76569"	"yfgD"	"K00537"
"P76575"	"yfgJ"	"Notmapped"
"P76576"	"yfgM"	"Notmapped"
"P76578"	"yfhM"	"K06894"
"P76594"	"yfiQ"	"K09181"
"P76621"	"csiD"	"K15737"
"P76641"	"guaD"	"K01487"
"P76658"	"hldE"	"K03272"
"P77148"	"ydhS"	"Notmapped"
"P77150"	"pdxY"	"K00868"
"P77171"	"ydcI"	"Notmapped"
"P77181"	"paaY"	"K02617"
"P77202"	"dsbG"	"K03805"
"P77211"	"cusC"	"K07796"
"P77212"	"ykgC"	"Notmapped"
"P77213"	"ybdK"	"K06048"
"P77214"	"cusF"	"K07810"
"P77221"	"yahG"	"Notmapped"
"P77239"	"cusB"	"K07798"
"P77243"	"prpD"	"K01720"
"P77245"	"murR"	"K15835"
"P77247"	"yniC"	"K01112"
"P77252"	"ykgE"	"Notmapped"
"P77258"	"nemA"	"K10680"
"P77269"	"yphF"	"K02058"
"P77279"	"ybbL"	"K02068"
"P77285"	"rnfG"	"K03612"
"P77295"	"ygaV"	"Notmapped"
"P77300"	"yagI"	"Notmapped"
"P77302"	"ydaM"	"Notmapped"
"P77316"	"ybdR"	"Notmapped"
"P77318"	"ydeN"	"K01138"
"P77348"	"mppA"	"K15580"
"P77360"	"yphC"	"Notmapped"
"P77368"	"ybcL"	"K06910"
"P77376"	"ydgJ"	"Notmapped"
"P77395"	"ybbN"	"K05838"
"P77399"	"fadJ"	"K01782"
"P77425"	"allC"	"K02083"
"P77433"	"ykgG"	"K00782"
"P77434"	"yfdZ"	"K14261"
"P77444"	"sufS"	"K11717"
"P77454"	"glsA"	"K01425"
"P77475"	"yqaB"	"Notmapped"
"P77488"	"dxs "	"K01662"
"P77499"	"sufC"	"K09013"
"P77522"	"sufB"	"K09014"
"P77526"	"yfcG"	"K00799"
"P77529"	"ydjN"	"K06956"
"P77541"	"prpB"	"K03417"
"P77544"	"yfcF"	"Notmapped"
"P77552"	"ydhQ"	"Notmapped"
"P77554"	"yahJ"	"Notmapped"
"P77559"	"ynfL"	"Notmapped"
"P77561"	"ydeP"	"Notmapped"
"P77562"	"yaiW"	"Notmapped"
"P77569"	"mhpR"	"K05818"
"P77570"	"anmK"	"K09001"
"P77580"	"mhpF"	"K04073"
"P77581"	"astC"	"K00840"
"P77588"	"ydeQ"	"Notmapped"
"P77608"	"mhpD"	"K02554"
"P77609"	"flxA"	"Notmapped"
"P77611"	"rnfC"	"K03615"
"P77615"	"ycjW"	"Notmapped"
"P77619"	"yfeW"	"Notmapped"
"P77625"	"yfbT"	"K01112"
"P77626"	"ydcN"	"Notmapped"
"P77649"	"ydiU"	"K08997"
"P77667"	"sufA"	"K05997"
"P77674"	"prr "	"K00137"
"P77689"	"sufD"	"K09015"
"P77690"	"arnB"	"K07806"
"P77695"	"gnsB"	"Notmapped"
"P77712"	"tesC"	"K12500"
"P77717"	"ybaY"	"K09914"
"P77718"	"thiI"	"K03151"
"P77721"	"ydjF"	"Notmapped"
"P77735"	"yajO"	"Notmapped"
"P77737"	"oppF"	"K10823"
"P77739"	"yniA"	"Notmapped"
"P77748"	"ydiJ"	"K06911"
"P77754"	"spy "	"Notmapped"
"P77756"	"queC"	"K06920"
"P77774"	"yfgL"	"Notmapped"
"P77775"	"yfcH"	"K07071"
"P77781"	"ydiI"	"Notmapped"
"P77788"	"nudG"	"K08320"
"P77791"	"maa "	"K00661"
"P77795"	"ydcT"	"K02052"
"P77804"	"ydgA"	"Notmapped"
"P77806"	"ybdL"	"K14287"
"P77808"	"yfaY"	"K03742"
"P78055"	"fsaA"	"K08313"
"P78067"	"ynjE"	"K01011"
"P80668"	"feaB"	"K00146"
"Q06065"	"atoC"	"K07714"
"Q2A0K9"	"sbcB"	"Notmapped"
"Q2M7R5"	"yibT"	"Notmapped"
"Q2M7X4"	"yicS"	"Notmapped"
"Q46798"	"ygeR"	"K12943"
"Q46800"	"xdhB"	"K13479"
"Q46801"	"xdhC"	"K13480"
"Q46803"	"ygeW"	"Notmapped"
"Q46810"	"ygfJ"	"K07141"
"Q46822"	"idi "	"K01823"
"Q46829"	"bglA"	"K01223"
"Q46845"	"yghU"	"K11209"
"Q46851"	"yghZ"	"Notmapped"
"Q46855"	"yqhC"	"Notmapped"
"Q46856"	"yqhD"	"K08325"
"Q46857"	"dkgA"	"K06221"
"Q46861"	"ygiQ"	"Notmapped"
"Q46863"	"ygiS"	"K02035"
"Q46864"	"mqsA"	"K13655"
"Q46868"	"yqiC"	"K09806"
"Q46871"	"yqjH"	"K07229"
"Q46891"	"ygbM"	"Notmapped"
"Q46893"	"ispD"	"K00991"
"Q46919"	"yqcC"	"Notmapped"
"Q46920"	"queF"	"K06879"
"Q46925"	"csdA"	"K01766"
"Q46927"	"ygdL"	"Notmapped"
"Q46938"	"kduI"	"K01815"
"Q46939"	"yqeF"	"K00626"
"Q46948"	"yajL"	"K03152"
"Q47083"	"cbl "	"K13635"
"Q47129"	"feaR"	"K14063"
"Q47146"	"fadE"	"K06445"
"Q47147"	"yafJ"	"K07008"
"Q47150"	"dinJ"	"K07473"
"Q47156"	"yafN"	"Notmapped"
"Q47537"	"tauA"	"K15551"
"Q47622"	"sapA"	"K12368"
"Q47679"	"yafV"	"K08590"
"Q47690"	"mmuM"	"K00547"
"Q47710"	"yqjK"	"Notmapped"
"Q57261"	"truD"	"K06176"
"Q59385"	"copA"	"K01533"
"Q5H772"	"puuE"	"Notmapped"
"Q5H776"	"puuD"	"Notmapped"
"Q5H777"	"puuA"	"Notmapped"
"Q6BF16"	"dgoA"	"K01631"
"Q6BF17"	"dgoD"	"K01684"
"Q7DFV3"	"ymgG"	"Notmapped"
"Q93K97"	"nudF"	"K01515"
