SDY_3575	GlgA	K00703
SDY_4553	BcsA	K00694
SDY_3389	MtgA	K03814
SDY_0165	MrcB	K05365
SDY_3682	MrcA	K05366
SDY_0198	LpxB	K00748
SDY_2453	ArnT	K07264
SDY_4063	KdtA	K02527
SDY_4053	RfaC	K02841
SDY_4052	RfaF	K02843
SDY_4062	WaaQ	K02849
SDY_4059	RfaI	K03275
SDY_4058	RfaJ	K03276
SDY_4056	WaaW	K12985
SDY_4061	RfaG	K02844
SDY_2211	RfbQ	K12990
SDY_3964	Rfe	K02851
SDY_3953	WecG	K02852
SDY_3955	YifM	K12582
SDY_3954	WecF	K02853
SDY_1193	OtsA	K00697
SDY_1295	AdhE	K04072
SDY_1608	AdhP	K13953
SDY_0002	ThrA	K12524
SDY_3775	MetL	K12525
SDY_3780	GldA	K00005
SDY_2213	Ugd	K00012
SDY_2221	HisD	K00013
SDY_3458	AroE	K00014
SDY_2155	Dld	K03777
SDY_1464	LdhA	K03778
SDY_2542	FadJ	K01782
SDY_3899	FadB	K01825
SDY_3412	Mdh	K00024
SDY_2016	IcdA	K00031
SDY_2212	Gnd	K00033
SDY_1138	Zwf	K00036
SDY_3319	GarR	K00042
SDY_3016	FucO	K00048
SDY_1004	YcdW	K12972
SDY_1004	YcdW	K12972
SDY_1701	YeaU	K07246
SDY_0100	LeuB	K00052
SDY_3974	IlvC	K00053
SDY_1701	YeaU	K07246
SDY_4041	GpsA	K00057
SDY_3169	SerA	K00058
SDY_2057	FabG	K00059
SDY_4049	Tdh	K00060
SDY_2205	RfbD	K00067
SDY_2902	SrlD	K00068
SDY_3756	MurB	K00075
SDY_1838	HdhA	K00076
SDY_0305	ApbA	K00077
SDY_0320	RibD	K11752
SDY_2704	GuaB	K00088
SDY_4350	YiaE	K00090
SDY_2263	GatD	K00094
SDY_0077	PdxA	K00097
SDY_0189	YaeM	K00099
SDY_3061	DkgA	K06221
SDY_0226	DkgB	K06222
SDY_1475	YdiB	K05887
SDY_2519	PdxB	K03473
SDY_3961	WecC	K02472
SDY_0798	YbiC	K13574
SDY_4038	LldD	K00101
SDY_2436	GlpA	K00111
SDY_3649	GlpD	K00111
SDY_2437	GlpB	K00112
SDY_2438	GlpC	K00113
SDY_0866	YojH	K00116
SDY_0531	YbdH	K08317
SDY_3063	YqhD	K08325
SDY_3849	FdoG	K00123
SDY_3850	FdoH	K00124
SDY_3851	FdoI	K00127
SDY_1605	FdnH	K08349
SDY_1606	FdnI	K08350
SDY_1295	AdhE	K04072
SDY_2518	Usg	K00133
SDY_3579	Asd	K00133
SDY_1488	GapA	K00134
SDY_3793	ArgC	K00145
SDY_0473	ProA	K00147
SDY_1259	HemA	K02492
SDY_3155	Epd	K03472
SDY_3793	ArgC	K00145
SDY_2392	PoxB	K00156
SDY_0144	AceE	K00163
SDY_0664	SucA	K00164
SDY_1368	FabI	K00208
SDY_2766	TyrA	K14187
SDY_0053	DapB	K00215
SDY_0527	EntA	K00216
SDY_3265	YgjL	K00219
SDY_3530	CysG	K02302
SDY_0918	PyrD	K00226
SDY_2634	HemF	K00228
SDY_3895	HemG	K00230
SDY_0661	SdhA	K00239
SDY_0662	SdhB	K00240
SDY_0659	SdhC	K00241
SDY_0660	SdhD	K00242
SDY_4398	FrdA	K00244
SDY_4397	FrdB	K00245
SDY_4396	FrdC	K00246
SDY_4395	FrdD	K00247
SDY_3117	YggW	K02495
SDY_3876	HemN	K02495
SDY_0061	CaiA	K08297
SDY_1514	GdhA	K00262
SDY_3393	GltB	K00265
SDY_3394	GltD	K00266
SDY_3393	GltB	K00265
SDY_3394	GltD	K00266
SDY_1861	PdxH	K00275
SDY_2815	NadB	K00278
SDY_1943	OrdL	K09471
SDY_3178	GcvP	K00281
SDY_1226	DadA	K00285
SDY_0356	ProC	K00286
SDY_0071	FolA	K00287
SDY_1547	YdgB	K13938
SDY_0281	FolD	K01491
SDY_3776	MetF	K00297
SDY_2319	YcbP	K00299
SDY_3901	Fre	K05368
SDY_0491	NfnB	K10679
SDY_1547	YdgB	K13938
SDY_2096	SolA	K02846
SDY_3797	UdhA	K00322
SDY_1550	PntA	K00324
SDY_1551	PntB	K00325
SDY_2484	NuoA	K00330
SDY_2483	NuoB	K00331
SDY_2481	NuoE	K00334
SDY_2480	NuoF	K00335
SDY_2479	NuoG	K00336
SDY_2478	NuoH	K00337
SDY_2477	NuoI	K00338
SDY_2476	NuoJ	K00339
SDY_2475	NuoK	K00340
SDY_2474	NuoL	K00341
SDY_2473	NuoM	K00342
SDY_2472	NuoN	K00343
SDY_2482	NuoC	K13378
SDY_4523	Qor	K00344
SDY_2041	Ndh	K03885
SDY_3527	NirB	K00362
SDY_3528	NirD	K00363
SDY_0134	GuaC	K00364
SDY_3011	QueF	K06879
SDY_1171	BisZ	K07812
SDY_1279	NarG	K00370
SDY_1280	NarH	K00371
SDY_1281	NarJ	K00373
SDY_1282	NarI	K00374
SDY_0872	NapA	K02567
SDY_1651	NarY	K08346
SDY_1653	NarV	K08347
SDY_1652	NarW	K08361
SDY_2966	CysJ	K00380
SDY_2965	CysI	K00381
SDY_0146	LpdA	K00382
SDY_3562	Gor	K00383
SDY_2825	TrxC	K03672
SDY_4441	DipZ	K04084
SDY_2373	TrxB	K00384
SDY_2964	CysH	K00390
SDY_4456	MsrA	K07304
SDY_1489	YeaA	K07305
SDY_2367	DmsA	K07306
SDY_0680	CydA	K00425
SDY_0953	AppC	K00425
SDY_0681	CydB	K00426
SDY_0954	AppB	K00426
SDY_1805	BtuE	K00432
SDY_0540	AhpC	K03386
SDY_2669	Bcp	K03564
SDY_1402	Tpx	K11065
SDY_0948	HyaB	K06281
SDY_3079	HybC	K06281
SDY_0947	HyaA	K06282
SDY_0502	TauD	K03119
SDY_0864	AlkB	K03919
SDY_0795	YbiX	K07336
SDY_2742	HmpA	K05916
SDY_0598	UbiF	K03184
SDY_3174	UbiH	K03185
SDY_1882	SodB	K04564
SDY_3838	SodA	K04564
SDY_1870	SodC	K04565
SDY_3901	Fre	K05368
SDY_1113	Ftn	K02217
SDY_0051	IspH	K03527
SDY_2428	NrdA	K00525
SDY_2868	NrdE	K00525
SDY_2429	NrdB	K00526
SDY_2869	NrdF	K00526
SDY_4257	NrdD	K00527
SDY_2711	IspG	K03526
SDY_3820	Fpr	K00528
SDY_3559	ArsC	K00537
SDY_4256	NrdG	K04068
SDY_0763	YbiY	K04069
SDY_2359	PflA	K04069
SDY_3787	PflC	K04069
SDY_0406	YbbO	K00540
SDY_0907	YeiQ	K00540
SDY_1586	YdfG	K00540
SDY_1707	YeaX	K00540
SDY_2151	YohF	K00540
SDY_2622	UcpA	K00540
SDY_2917	HycF	K00540
SDY_3069	YghA	K00540
SDY_4525	YjbN	K05539
SDY_3437	YhdG	K05540
SDY_2147	YohI	K05541
SDY_4352	BisC	K08351
SDY_0744	MdaA	K10678
SDY_0491	NfnB	K10679
SDY_1876	NemA	K10680
SDY_2670	HyfA	K12136
SDY_2671	HyfB	K12137
SDY_2672	HyfC	K12138
SDY_2674	HyfE	K12140
SDY_2675	HyfF	K12141
SDY_2676	HyfG	K12142
SDY_2678	HyfI	K12144
SDY_4288	YjgB	K12957
SDY_4322	MetH	K00548
SDY_3914	MetE	K00549
SDY_2781	TrmD	K00554
SDY_3112	TrmB	K03439
SDY_4083	SpoU	K00556
SDY_3763	TrmA	K00557
SDY_1045	Dcm	K00558
SDY_3044	ThyA	K00560
SDY_1416	Ogt	K00567
SDY_0863	Ada	K10778
SDY_2424	UbiG	K00568
SDY_3692	Dam	K06223
SDY_2530	YfcB	K07320
SDY_2942	Pcm	K00573
SDY_1887	Cfa	K00574
SDY_3530	CysG	K02302
SDY_3943	HemX	K02496
SDY_3616	RsmD	K08316
SDY_4630	RsmC	K00564
SDY_0921	RlmL	K12297
SDY_3267	YgjO	K11391
SDY_0790	YbiN	K06970
SDY_0076	KsgA	K02528
SDY_1968	RrmA	K00563
SDY_2424	UbiG	K00568
SDY_3360	RrmJ	K02427
SDY_1261	HemK	K02493
SDY_4664	LasT	K02533
SDY_3436	PrmA	K02687
SDY_3910	UbiE	K03183
SDY_0736	RumB	K03212
SDY_2824	YfiF	K03214
SDY_3002	RumA	K03215
SDY_4039	YibK	K03216
SDY_4409	YjfH	K03218
SDY_0112	MraW	K03438
SDY_3465	Sun	K03500
SDY_2713	YfgB	K06941
SDY_0942	YccW	K06969
SDY_3126	YggJ	K09761
SDY_1986	YebU	K11392
SDY_2741	GlyA	K00600
SDY_1135	PurT	K08289
SDY_2689	PurN	K11175
SDY_3720	PurH	K00602
SDY_3464	Fmt	K00604
SDY_3176	GcvT	K00605
SDY_0154	PanB	K00606
SDY_4264	PyrB	K00609
SDY_4276	ArgI	K00611
SDY_3141	TktA	K00615
SDY_0008	TalB	K00616
SDY_0107	IlvI	K01652
SDY_3980	IlvG	K01652
SDY_4155	IlvB	K01652
SDY_0108	IlvH	K01653
SDY_4154	IlvN	K01653
SDY_3979	IlvM	K11258
SDY_0310	Dxs	K01662
SDY_2460	MenD	K02551
SDY_3035	ArgA	K00619
SDY_2493	Pta	K13788
SDY_0145	AceF	K00627
SDY_4533	PlsB	K00631
SDY_2060	PlsX	K03621
SDY_3242	YgiH	K08591
SDY_2543	FadI	K00632
SDY_3900	FadA	K00632
SDY_3855	YiiD	K00633
SDY_4050	Kbl	K00639
SDY_4040	CysE	K00640
SDY_2058	FabD	K00645
SDY_3053	Aas	K05939
SDY_2522	FabB	K00647
SDY_4330	MetA	K00651
SDY_0830	BioF	K00652
SDY_3219	PlsC	K00655
SDY_0764	YbiW	K00656
SDY_2358	PflB	K00656
SDY_3306	TdcE	K00656
SDY_3786	PflD	K00656
SDY_0665	SucB	K00658
SDY_0460	YlaD	K00661
SDY_0182	DapD	K00674
SDY_4632	RimI	K03789
SDY_2086	RimJ	K03790
SDY_0197	LpxA	K00677
SDY_4018	GlmU	K04042
SDY_2055	FabF	K09458
SDY_2059	FabH	K00648
SDY_0552	LipB	K03801
SDY_0525	EntE	K02363
SDY_2293	HtrB	K02517
SDY_0195	LpxD	K02536
SDY_1142	MsbB	K02560
SDY_1751	RimL	K03817
SDY_0593	Lnt	K03820
SDY_3335	YhbS	K03824
SDY_4333	YjaB	K03827
SDY_4123	PhnO	K09994
SDY_0545	PagP	K12973
SDY_2576	Ddg	K12974
SDY_3595	Ggt	K00681
SDY_2376	Aat	K00684
SDY_0658	GltA	K01647
SDY_0101	LeuA	K01649
SDY_3574	GlgP	K00688
SDY_3659	MalP	K00688
SDY_4553	BcsA	K00694
SDY_1193	OtsA	K00697
SDY_3578	GlgB	K00700
SDY_3575	GlgA	K00703
SDY_3660	MalQ	K00705
SDY_0114	FtsI	K03587
SDY_0165	MrcB	K05365
SDY_0198	LpxB	K00748
SDY_0120	MurG	K02563
SDY_4061	RfaG	K02844
SDY_3953	WecG	K02852
SDY_3954	WecF	K02853
SDY_4059	RfaI	K03275
SDY_4058	RfaJ	K03276
SDY_2301	MdoH	K03669
SDY_3389	MtgA	K03814
SDY_3682	MrcA	K05366
SDY_3955	YifM	K12582
SDY_4056	WaaW	K12985
SDY_2211	RfbQ	K12990
SDY_4644	DeoD	K03784
SDY_3912	Udp	K00757
SDY_4642	DeoA	K00758
SDY_0450	Apt	K00759
SDY_0034	Hpt	K00760
SDY_2687	Upp	K00761
SDY_4073	PyrE	K00762
SDY_2326	PncB	K00763
SDY_2511	PurF	K00764
SDY_2222	HisG	K00765
SDY_1331	TrpD	K13497
SDY_0139	NadC	K00767
SDY_2242	CobT	K00768
SDY_0479	Gpt	K00769
SDY_0328	Tgt	K00773
SDY_2218	HisH	K02501
SDY_1236	ModD	K03813
SDY_0309	IspA	K00795
SDY_3733	ThiE	K00788
SDY_3130	MetK	K00789
SDY_3370	MurA	K00790
SDY_1888	RibE	K00793
SDY_0309	IspA	K00795
SDY_3358	FolP	K00796
SDY_0028	SpeE	K00797
SDY_1340	BtuR	K00798
SDY_1858	Gst	K00799
SDY_2353	AroA	K00800
SDY_0190	YaeS	K00806
SDY_2611	CysK	K01738
SDY_2617	CysM	K12339
SDY_3774	MetB	K01739
SDY_0701	AroG	K01626
SDY_1798	AroH	K01626
SDY_2765	AroF	K01626
SDY_1264	KdsA	K01627
SDY_3941	HemC	K01749
SDY_0694	NadA	K03517
SDY_3807	MenA	K02548
SDY_4418	MiaA	K00791
SDY_0319	RibH	K00794
SDY_3368	IspB	K02523
SDY_4534	UbiA	K03179
SDY_2329	AspC	K00813
SDY_2220	HisC	K00817
SDY_3521	ArgD	K00821
SDY_4019	GlmS	K00820
SDY_3521	ArgD	K00821
SDY_3978	IlvE	K00826
SDY_2354	SerC	K00831
SDY_4520	TyrB	K00832
SDY_0832	BioA	K00833
SDY_3707	AvtA	K00835
SDY_3522	PabA	K01664
SDY_1718	PabB	K01665
SDY_0532	YbdL	K14287
SDY_2805	PdxJ	K03474
SDY_2587	Glk	K00845
SDY_0345	YajF	K00847
SDY_3842	RhaB	K00848
SDY_0704	GalK	K00849
SDY_1816	PfkB	K00850
SDY_3831	PfkA	K00850
SDY_3588	GntK	K00851
SDY_3995	RbsK	K00852
SDY_0090	AraB	K00853
SDY_1290	Tdk	K00857
SDY_2788	PpnK	K00858
SDY_0133	CoaE	K00859
SDY_2949	CysC	K00860
SDY_0047	RibF	K11753
SDY_3818	GlpK	K00864
SDY_3318	YhaD	K00865
SDY_3754	CoaA	K00867
SDY_1859	PdxY	K00868
SDY_2615	PdxK	K00868
SDY_0003	ThrB	K00872
SDY_1141	PykA	K00873
SDY_1905	PykF	K00873
SDY_2196	Udk	K00876
SDY_2277	ThiD	K00941
SDY_2278	ThiM	K00878
SDY_3021	FucK	K00879
SDY_2316	FruK	K00882
SDY_2031	YcfX	K00884
SDY_3397	YhcI	K00885
SDY_2317	FruB	K02768
SDY_2315	FruA	K02769
SDY_2265	GatB	K02774
SDY_2614	Crr	K02777
SDY_2049	PtsG	K02778
SDY_2901	SrlB	K02781
SDY_1842	MalX	K02790
SDY_1963	ManX	K02793
SDY_3143	CmtB	K02798
SDY_3144	CmtA	K02799
SDY_0613	NagE	K02802
SDY_3385	PtsN	K02806
SDY_4259	TreB	K02818
SDY_0038	YadI	K02821
SDY_4364	PtxA	K02821
SDY_4363	SgaB	K02822
SDY_2625	MurP	K11191
SDY_3782	PtsA	K08483
SDY_3785	FrwB	K11202
SDY_3788	FrwD	K11202
SDY_0355	AroL	K00891
SDY_3689	AroK	K00891
SDY_0442	Gsk	K00892
SDY_2044	ThiK	K07251
SDY_4532	DgkA	K00901
SDY_2343	LpxK	K00912
SDY_1257	Ipk	K00919
SDY_2240	CobU	K02231
SDY_4060	WaaP	K02848
SDY_4057	RfaY	K02850
SDY_1863	AnmK	K09001
SDY_2492	AckA	K00925
SDY_3156	Pgk	K00927
SDY_4227	LysC	K00928
SDY_0002	ThrA	K12524
SDY_3775	MetL	K12525
SDY_3794	ArgB	K00930
SDY_0474	ProB	K00931
SDY_3307	TdcD	K00932
SDY_3794	ArgB	K00930
SDY_2613	PtsI	K08483
SDY_3782	PtsA	K08483
SDY_3046	PtsP	K08484
SDY_2690	Ppk	K00937
SDY_0445	Adk	K00939
SDY_2714	Ndk	K00940
SDY_2277	ThiD	K00941
SDY_4080	Gmk	K00942
SDY_2052	Tmk	K00943
SDY_2348	Cmk	K00945
SDY_0317	ThiL	K00946
SDY_0187	PyrH	K09903
SDY_4122	PhnN	K05774
SDY_1256	PrsA	K00948
SDY_0158	FolK	K00950
SDY_3001	RelA	K00951
SDY_0047	RibF	K11753
SDY_4064	CoaD	K00954
SDY_2950	CysN	K00956
SDY_2951	CysD	K00957
SDY_3471	RpoA	K03040
SDY_3741	RpoB	K03043
SDY_3740	RpoC	K03046
SDY_4081	RpoZ	K03060
SDY_3879	PolA	K02335
SDY_0200	DnaE	K02337
SDY_4183	DnaN	K02338
SDY_4283	HolC	K02339
SDY_0562	HolA	K02340
SDY_2051	HolB	K02341
SDY_0234	DnaQ	K02342
SDY_0449	DnaX	K02343
SDY_4631	HolD	K02344
SDY_1128	HolE	K02345
SDY_0483	DinP	K02346
SDY_3343	Pnp	K00962
SDY_1288	GalU	K00963
SDY_2203	GalF	K00963
SDY_0705	GalT	K00965
SDY_0561	NadD	K00969
SDY_0159	PcnB	K00970
SDY_3239	Cca	K00974
SDY_4018	GlmU	K04042
SDY_2206	RfbA	K00973
SDY_3959	RffH	K00973
SDY_3239	Cca	K00974
SDY_3576	GlgC	K00975
SDY_2340	KdsB	K00979
SDY_0191	CdsA	K00981
SDY_3236	GlnE	K00982
SDY_4074	Rph	K00989
SDY_0525	EntE	K02363
SDY_0183	GlnD	K00990
SDY_2946	IspD	K00991
SDY_2240	CobU	K02231
SDY_4647	LplA	K03800
SDY_1692	YeaP	K13069
SDY_3250	DnaG	K02316
SDY_0515	EntF	K02364
SDY_3734	ThiF	K03148
SDY_2817	SrmB	K05590
SDY_1106	PgsA	K00995
SDY_2804	AcpS	K00997
SDY_2828	PssA	K00998
SDY_0117	MraY	K01000
SDY_4613	MdoB	K01002
SDY_2241	CobS	K02233
SDY_0511	EntD	K02362
SDY_3964	Rfe	K02851
SDY_1307	Cls	K06131
SDY_0814	YbhO	K06132
SDY_3630	YhhU	K06133
SDY_1794	PpsA	K01007
SDY_1509	SelD	K01008
SDY_4327	AceK	K00906
SDY_2163	YehU	K02478
SDY_2023	PhoQ	K07637
SDY_3672	EnvZ	K07638
SDY_1825	RstB	K07639
SDY_3835	CpxA	K07640
SDY_2187	BaeS	K07642
SDY_4101	BasS	K07643
SDY_3213	QseC	K07645
SDY_3391	ArcB	K07648
SDY_1276	NarX	K07673
SDY_2653	NarQ	K07674
SDY_4149	UhpB	K07675
SDY_0858	YojN	K07676
SDY_0856	RcsC	K07677
SDY_3003	BarA	K07678
SDY_4478	EvgS	K07679
SDY_4238	YjdH	K07701
SDY_3874	GlnL	K07708
SDY_3723	HydH	K07709
SDY_2746	YfhK	K07711
SDY_3163	YgfD	K07588
SDY_2717	SseA	K01011
SDY_3650	GlpE	K02439
SDY_2717	SseA	K01011
SDY_0831	BioB	K01012
SDY_2726	YfhO	K04487
SDY_0550	LipA	K03644
SDY_0060	CaiB	K08298
SDY_4212	SelA	K01042
SDY_4063	KdtA	K02527
SDY_0821	MoaE	K03635
SDY_2453	ArnT	K07264
SDY_3045	Lgt	K13292
SDY_3918	PldB	K01048
SDY_0404	TesA	K10804
SDY_1253	Pth	K01056
SDY_2011	YbhE	K07404
SDY_3922	PldA	K01058
SDY_4361	YjfR	K03476
SDY_0231	GloB	K01069
SDY_2112	YeiG	K01070
SDY_0404	TesA	K10804
SDY_0389	TesB	K10805
SDY_1317	YciA	K10806
SDY_0287	YbaW	K12500
SDY_0956	AppA	K01093
SDY_P004	PhoN2	K09474
SDY_P067	PhoN1	K09474
SDY_4649	SerB	K01079
SDY_2943	SurE	K03787
SDY_4633	YjjG	K08723
SDY_0438	UshA	K11751
SDY_P064	UshA	K11751
SDY_0978	Agp	K01085
SDY_3819	GlpX	K02446
SDY_4250	Fbp	K03841
SDY_2219	HisB	K01089
SDY_3694	Gph	K01091
SDY_2729	SuhB	K01092
SDY_0956	AppA	K01093
SDY_0316	PgpA	K01095
SDY_1354	PgpB	K01096
SDY_3379	YrbI	K03270
SDY_0958	Etp	K01104
SDY_P171	IpgD	K13085
SDY_4327	AceK	K00906
SDY_3239	Cca	K00974
SDY_0219	YaeD	K03273
SDY_0330	YajB	K08682
SDY_4383	CpdB	K01119
SDY_2434	GlpQ	K01126
SDY_3239	Cca	K00974
SDY_3945	AslA	K01130
SDY_4082	SpoT	K01139
SDY_2231	SbcB	K01141
SDY_1527	XthA	K01142
SDY_3036	RecD	K03581
SDY_3037	RecB	K03582
SDY_3039	RecC	K03583
SDY_2705	XseA	K03601
SDY_0308	XseB	K03602
SDY_1366	Rnb	K01147
SDY_1708	Rnd	K03684
SDY_3127	EndA	K01150
SDY_2107	Nfo	K01151
SDY_3728	Nfi	K05982
SDY_1150	RuvC	K01159
SDY_2808	Rnc	K03685
SDY_0233	RnhA	K03469
SDY_0199	RnhB	K03470
SDY_4186	RnpA	K03536
SDY_2464	ElaC	K00784
SDY_2067	Rne	K08300
SDY_1088	AmyA	K01176
SDY_2156	BglX	K05349
SDY_4092	MelA	K07406
SDY_0378	LacZ	K01190
SDY_1246	TreA	K01194
SDY_2043	YcfO	K01207
SDY_2912	AscB	K01223
SDY_4258	TreC	K01226
SDY_3577	GlgX	K02438
SDY_3031	MltA	K08304
SDY_2897	MltB	K08305
SDY_3109	MltC	K08306
SDY_0230	MltD	K08307
SDY_1231	MltE	K08308
SDY_4653	Slt	K08309
SDY_2253	Amn	K01241
SDY_2104	YeiK	K10213
SDY_0175	Pfs	K01243
SDY_4353	Tag	K01246
SDY_2194	AlkA	K01247
SDY_4065	MutM	K10563
SDY_3332	YhbO	K05520
SDY_0052	YaaF	K12700
SDY_0526	EntB	K01252
SDY_4284	PepA	K01255
SDY_2325	PepN	K01256
SDY_2025	PepT	K01258
SDY_3173	PepP	K01262
SDY_0184	Map	K01265
SDY_2719	PepB	K07751
SDY_0480	PepD	K01270
SDY_3898	PepQ	K01271
SDY_1587	Dcp	K01284
SDY_0554	DacA	K07258
SDY_0841	DacC	K07258
SDY_2233	DacD	K07258
SDY_3363	DacB	K07259
SDY_1232	LdcA	K01297
SDY_0759	YbiK	K13051
SDY_0293	Lon	K01338
SDY_1131	PtrB	K01354
SDY_4531	LexA	K01356
SDY_2809	LepB	K03100
SDY_0295	ClpP	K01358
SDY_1978	Prc	K03797
SDY_0178	HtrA	K04771
SDY_0049	LspA	K03101
SDY_3038	Ptr	K01407
SDY_3248	YgjD	K01409
SDY_3564	PrlC	K01414
SDY_4414	HflC	K04087
SDY_4415	HflK	K04088
SDY_0165	MrcB	K05365
SDY_3682	MrcA	K05366
SDY_1740	YdcP	K08303
SDY_2259	YegQ	K08303
SDY_3337	YhbU	K08303
SDY_2914	HycI	K08315
SDY_1506	AnsA	K01424
SDY_3115	AnsB	K01424
SDY_1631	YneH	K01425
SDY_1284	PurU	K01433
SDY_3792	ArgE	K01438
SDY_2656	DapE	K01439
SDY_1505	YdjB	K08281
SDY_0611	NagA	K01443
SDY_2633	AmiA	K01448
SDY_4420	AmiB	K01448
SDY_3085	Gsp	K01460
SDY_3463	Def	K01462
SDY_1533	YdjS	K05526
SDY_0126	LpxC	K02535
SDY_1505	YdjB	K08281
SDY_2030	CobB	K12410
SDY_2091	PyrC	K01465
SDY_4394	AmpC	K01467
SDY_3139	SpeB	K01480
SDY_0397	YbbT	K01483
SDY_4146	YicP	K01486
SDY_1846	Add	K01488
SDY_2144	Cdd	K01489
SDY_0281	FolD	K01491
SDY_3720	PurH	K00602
SDY_2197	Dcd	K01494
SDY_2127	FolE	K01495
SDY_2215	HisI	K11755
SDY_1353	RibA	K01497
SDY_0320	RibD	K11752
SDY_2749	YfhC	K11991
SDY_0612	NagB	K02564
SDY_4462	Ppa	K01507
SDY_2691	Ppx	K01514
SDY_3206	NudF	K01515
SDY_3118	YggV	K01516
SDY_2998	MazG	K02428
SDY_3730	NudC	K03426
SDY_4070	Dut	K01520
SDY_2215	HisI	K11755
SDY_3970	GppA	K01524
SDY_0074	ApaH	K01525
SDY_0438	UshA	K11751
SDY_P064	UshA	K11751
SDY_4522	DnaB	K02314
SDY_0276	YbbF	K03269
SDY_0129	MutT	K03574
SDY_1774	HrpA	K03578
SDY_0083	HepA	K03580
SDY_3921	RecQ	K03654
SDY_4084	RecG	K03655
SDY_3971	Rep	K03656
SDY_3932	UvrD	K03657
SDY_0937	HelD	K03658
SDY_0800	DinG	K03722
SDY_2036	Mfd	K03723
SDY_3802	PriA	K04066
SDY_4431	YjeQ	K06949
SDY_1152	NtpA	K08310
SDY_3047	YgdP	K08311
SDY_3681	NudE	K08312
SDY_0383	Cof	K11938
SDY_2650	YffH	K12945
SDY_4261	MgtA	K01531
SDY_3620	ZntA	K01534
SDY_0434	CopA	K01533
SDY_3620	ZntA	K01534
SDY_0631	KdpC	K01548
SDY_4010	AtpB	K02108
SDY_4012	AtpF	K02109
SDY_4011	AtpE	K02110
SDY_4014	AtpA	K02111
SDY_4016	AtpD	K02112
SDY_4013	AtpH	K02113
SDY_4017	AtpC	K02114
SDY_4015	AtpG	K02115
SDY_P187	Spa47	K03224
SDY_4247	YtfR	K02056
SDY_1121	AraG	K10539
SDY_2505	HisP	K10017
SDY_2618	CysA	K02045
SDY_4025	PstB	K02036
SDY_0712	ModC	K02017
SDY_2026	PotA	K11072
SDY_2872	ProV	K02000
SDY_1804	BtuD	K06074
SDY_0167	FhuC	K02013
SDY_0519	FepC	K02013
SDY_3547	HmuV	K02013
SDY_4293	FecE	K02013
SDY_0877	CcmA	K02193
SDY_3969	RhlB	K03732
SDY_3341	DeaD	K05592
SDY_0806	RhlE	K11927
SDY_3501	FusA	K02355
SDY_3500	TufA	K02358
SDY_3748	TufB	K02358
SDY_4109	PhnA	K06193
SDY_0041	PanD	K01579
SDY_1615	GadB	K01580
SDY_3107	SpeC	K01581
SDY_4094	AdiA	K01584
SDY_3134	SpeA	K01585
SDY_3055	LysA	K01586
SDY_1357	PyrF	K01591
SDY_3791	Ppc	K01595
SDY_4069	Dfp	K13038
SDY_3729	HemE	K01599
SDY_0395	Gcl	K01608
SDY_1330	TrpC	K13498
SDY_3673	PckA	K01610
SDY_0027	SpeD	K01611
SDY_4432	Psd	K01613
SDY_1701	YeaU	K07246
SDY_4365	UlaD	K03078
SDY_3902	YigC	K03182
SDY_2510	UbiX	K03186
SDY_4641	DeoC	K01619
SDY_2393	YbjU	K01620
SDY_3157	Fba	K01624
SDY_1136	Eda	K01625
SDY_3017	FucA	K01628
SDY_3844	RhaD	K01629
SDY_3320	YhaF	K01630
SDY_3241	FolB	K01633
SDY_2269	GatY	K08302
SDY_0762	MipB	K08313
SDY_3781	TalC	K08314
SDY_1623	YneB	K08321
SDY_4328	AceA	K01637
SDY_3400	NanA	K01639
SDY_1136	Eda	K01625
SDY_1332	TrpE	K01657
SDY_1331	TrpD	K13497
SDY_2458	MenB	K01661
SDY_2054	PabC	K02619
SDY_4535	UbiC	K03181
SDY_2216	HisF	K02500
SDY_0643	PhrB	K01669
SDY_3226	RibB	K02858
SDY_0035	YadF	K01673
SDY_1828	FumA	K01676
SDY_4231	FumB	K01676
SDY_1827	FumC	K01679
SDY_0025	AcnB	K01682
SDY_3276	UxaA	K01685
SDY_3977	IlvD	K01687
SDY_1474	AroD	K03785
SDY_2996	Eno	K01689
SDY_1137	Edd	K01690
SDY_2542	FadJ	K01782
SDY_3899	FadB	K01825
SDY_2219	HisB	K01089
SDY_1328	TrpA	K01695
SDY_1329	TrpB	K01696
SDY_0501	HemB	K01698
SDY_0099	LeuC	K01703
SDY_0098	LeuD	K01704
SDY_0099	LeuC	K01703
SDY_0098	LeuD	K01704
SDY_2204	RfbB	K01710
SDY_2767	PheA	K14170
SDY_2667	DapA	K01714
SDY_0927	FabA	K01716
SDY_3942	HemD	K01719
SDY_2457	MenC	K02549
SDY_0196	FabZ	K02372
SDY_0058	CaiD	K08299
SDY_0004	ThrC	K01733
SDY_0938	MgsA	K01734
SDY_3690	AroB	K01735
SDY_2528	AroC	K01736
SDY_2967	YgcM	K01737
SDY_P013	OspF	K13450
SDY_0649	Nei	K05522
SDY_4065	MutM	K10563
SDY_1856	Nth	K10773
SDY_2459	YfbB	K08680
SDY_2624	MurQ	K07106
SDY_4444	AspA	K01744
SDY_2638	EutC	K03736
SDY_1720	SdaA	K01752
SDY_3014	SdaB	K01752
SDY_3304	YhaP	K01752
SDY_2561	DsdA	K01753
SDY_3309	TdcB	K01754
SDY_3976	IlvA	K01754
SDY_3795	ArgH	K01755
SDY_2021	PurB	K01756
SDY_1877	GloA	K01759
SDY_3065	MetC	K01760
SDY_1845	MalY	K14155
SDY_1098	YedO	K05396
SDY_2884	YgaG	K07173
SDY_3940	CyaA	K05851
SDY_2945	IspF	K01770
SDY_0444	HemH	K01772
SDY_3530	CysG	K02302
SDY_4521	Alr	K01775
SDY_3761	MurI	K01776
SDY_3936	DapF	K01778
SDY_2542	FadJ	K01782
SDY_3899	FadB	K01825
SDY_3693	Rpe	K01783
SDY_0706	GalE	K01784
SDY_0703	GalM	K01785
SDY_0088	AraD	K01786
SDY_4367	SgaE	K03077
SDY_3398	YhcJ	K01788
SDY_2207	RfbC	K01790
SDY_3962	WecB	K01791
SDY_1487	YeaD	K01792
SDY_4051	RfaD	K03274
SDY_3022	FucU	K02431
SDY_3845	YiiL	K03534
SDY_3525	PpiA	K03767
SDY_0277	PpiB	K03768
SDY_3973	PpiC	K03769
SDY_0291	YbaU	K03770
SDY_0078	SurA	K03771
SDY_3508	FkpA	K03772
SDY_4377	FklB	K03773
SDY_0050	SlpA	K03774
SDY_3510	SlyD	K03775
SDY_3826	TpiA	K01803
SDY_0089	AraA	K01804
SDY_3168	RpiA	K01807
SDY_1829	ManA	K01809
SDY_4226	Pgi	K01810
SDY_3378	YrbH	K06041
SDY_2217	HisA	K01814
SDY_1330	TrpC	K13498
SDY_3020	FucI	K01818
SDY_3899	FadB	K01825
SDY_3189	DsbC	K03981
SDY_0702	GpmA	K01834
SDY_4045	YibO	K01834
SDY_4656	GpmB	K01834
SDY_0628	Pgm	K01835
SDY_4643	DeoB	K01839
SDY_3357	GlmM	K03431
SDY_0170	HemL	K01845
SDY_0524	EntC	K02361
SDY_2461	MenF	K02552
SDY_2767	PheA	K14170
SDY_2766	TyrA	K14187
SDY_3345	TruB	K03177
SDY_2517	TruA	K06173
SDY_3008	YqcB	K06175
SDY_2944	TruD	K06176
SDY_0082	YabO	K06177
SDY_1339	YciL	K06178
SDY_2065	YceC	K06179
SDY_2837	RluD	K06180
SDY_2017	YmfC	K06181
SDY_4310	YjbC	K06182
SDY_0896	RsuA	K06183
SDY_0275	PurE	K01588
SDY_1344	TopA	K03168
SDY_1510	TopB	K03169
SDY_2423	GyrA	K02469
SDY_4181	GyrB	K02470
SDY_0248	GmhA	K03271
SDY_0329	QueA	K07568
SDY_2500	FolX	K07589
SDY_1860	TyrS	K01866
SDY_3695	TrpS	K01867
SDY_1814	ThrS	K01868
SDY_0564	LeuS	K01869
SDY_0048	IleS	K01870
SDY_3192	LysS	K04567
SDY_4399	YjeA	K04568
SDY_2893	AlaS	K01872
SDY_4282	ValS	K01873
SDY_2181	MetG	K01874
SDY_2368	SerS	K01875
SDY_1153	AspS	K01876
SDY_4344	GlyQ	K01878
SDY_4345	GlyS	K01879
SDY_0213	ProS	K01881
SDY_0278	CysS	K01883
SDY_2600	GltX	K01885
SDY_0614	GlnS	K01886
SDY_1180	ArgS	K01887
SDY_1809	PheS	K01889
SDY_1808	PheT	K01890
SDY_2710	HisS	K01892
SDY_2327	AsnC	K01893
SDY_1709	FadD	K01897
SDY_0667	SucD	K01902
SDY_0666	SucC	K01903
SDY_3053	Aas	K05939
SDY_2456	MenE	K01911
SDY_0059	CaiC	K02182
SDY_4004	AsnA	K01914
SDY_3873	GlnA	K01915
SDY_1540	NadE	K01916
SDY_3085	Gsp	K01460
SDY_0155	PanC	K01918
SDY_2885	GshA	K01919
SDY_3125	GshB	K01920
SDY_0122	Ddl	K01921
SDY_0365	Ddl	K01921
SDY_4069	Dfp	K13038
SDY_2664	PurC	K01923
SDY_0121	MurC	K01924
SDY_0118	MurD	K01925
SDY_0116	MurF	K01929
SDY_2514	FolC	K11754
SDY_0115	MurE	K01928
SDY_2514	FolC	K11754
SDY_4251	YjfG	K02558
SDY_2688	PurM	K01933
SDY_0828	BioD	K01935
SDY_2997	PyrG	K01937
SDY_4412	PurA	K01939
SDY_3351	ArgG	K01940
SDY_3721	PurD	K01945
SDY_3433	AccC	K01961
SDY_3755	BirA	K03524
SDY_0274	PurK	K01589
SDY_0206	TilS	K04075
SDY_2703	GuaA	K01951
SDY_2747	PurL	K01952
SDY_0608	AsnB	K01953
SDY_0055	CarB	K01955
SDY_0054	CarA	K01956
SDY_3433	AccC	K01961
SDY_0201	AccA	K01962
SDY_2515	AccD	K01963
SDY_2608	LigA	K01972
SDY_3655	YhgKj	K01974
SDY_1045	Dcm	K00558
SDY_1289	Hns	K03746
SDY_2859	StpA	K11685
SDY_3726	HupA	K05787
SDY_0292	HupB	K03530
SDY_1807	IhfA	K04764
SDY_2346	IhfB	K05788
SDY_0974	CbpA	K05516
SDY_4657	Rob	K05804
SDY_4184	DnaA	K02313
SDY_3328	YraO	K12961
SDY_0783	Dps	K04047
SDY_3438	Fis	K03557
SDY_4417	Hfq	K03666
SDY_3165	IciA	K05596
SDY_2372	Lrp	K03719
SDY_2334	MukB	K03632
SDY_2335	MukE	K03804
SDY_2336	MukF	K03633
SDY_0124	FtsA	K03590
SDY_2947	FtsB	K05589
SDY_3614	FtsE	K09812
SDY_0114	FtsI	K03587
SDY_2371	FtsK	K03466
SDY_0113	FtsL	K03586
SDY_3804	FtsN	K03591
SDY_0123	FtsQ	K03589
SDY_0119	FtsW	K03588
SDY_3613	FtsX	K09811
SDY_0125	FtsZ	K03531
SDY_2609	ZipA	K03528
SDY_3171	YgfE	K09888
SDY_2633	AmiA	K01448
SDY_4420	AmiB	K01448
SDY_0456	AcrA	K03585
SDY_1207	MinC	K03610
SDY_1206	MinD	K03609
SDY_1205	MinE	K03608
SDY_4071	SlmA	K05501
SDY_0627	SeqA	K03645
SDY_3426	MreB	K03569
SDY_3425	MreC	K03570
SDY_3424	MreD	K03571
SDY_0556	MrdB	K05837
SDY_P032	ParB	K03497
SDY_P161	VirB	K03497
SDY_3218	ParC	K02621
SDY_3210	ParE	K02622
SDY_4007	GidA	K03495
SDY_4008	GidB	K03501
SDY_3934	XerC	K03733
SDY_3188	XerD	K04763
SDY_2182	Mrp	K03593
SDY_3523	Fic	K04095
SDY_0446	HtpG	K04079
SDY_0309	IspA	K00795
SDY_3368	IspB	K02523
SDY_0190	YaeS	K00806
SDY_4418	MiaA	K00791
SDY_3807	MenA	K02548
SDY_4534	UbiA	K03179
SDY_0049	LspA	K03101
SDY_P224	IcsP	K13520
SDY_0950	HyaD	K03605
SDY_3080	HybD	K08567
SDY_2914	HycI	K08315
SDY_2703	GuaA	K01951
SDY_0904	Spr	K13694
SDY_1803	NlpC	K13695
SDY_2511	PurF	K00764
SDY_4019	GlmS	K00820
SDY_0608	AsnB	K01953
SDY_3332	YhbO	K05520
SDY_0306	ThiJ	K03152
SDY_2325	PepN	K01256
SDY_3564	PrlC	K01414
SDY_1587	Dcp	K01284
SDY_3038	Ptr	K01407
SDY_4284	PepA	K01255
SDY_2719	PepB	K07751
SDY_2025	PepT	K01258
SDY_0480	PepD	K01270
SDY_3248	YgjD	K01409
SDY_0184	Map	K01265
SDY_3898	PepQ	K01271
SDY_3173	PepP	K01262
SDY_2952	Iap	K09612
SDY_3359	HflB	K03798
SDY_1977	HtpX	K03799
SDY_2349	YcaL	K07387
SDY_3140	YggG	K07387
SDY_0192	YaeL	K11749
SDY_2527	MepA	K07261
SDY_0178	HtrA	K04771
SDY_3410	DegQ	K04772
SDY_3411	DegS	K04691
SDY_1131	PtrB	K01354
SDY_0554	DacA	K07258
SDY_0841	DacC	K07258
SDY_2233	DacD	K07258
SDY_2154	PbpG	K07262
SDY_3363	DacB	K07259
SDY_0295	ClpP	K01358
SDY_0293	Lon	K01338
SDY_4531	LexA	K01356
SDY_1220	UmuD	K03503
SDY_2809	LepB	K03100
SDY_1978	Prc	K03797
SDY_1507	SppA	K04773
SDY_1342	SohB	K04774
SDY_1232	LdcA	K01297
SDY_3805	HslV	K01419
SDY_0759	YbiK	K13051
SDY_3595	Ggt	K00681
SDY_1740	YdcP	K08303
SDY_2259	YegQ	K08303
SDY_3337	YhbU	K08303
SDY_4253	PmbA	K03592
SDY_3420	TldD	K03568
SDY_2347	RpsA	K02945
SDY_0185	RpsB	K02967
SDY_3490	RpsC	K02982
SDY_3472	RpsD	K02986
SDY_3479	RpsE	K02988
SDY_4369	RpsF	K02990
SDY_3502	RpsG	K02992
SDY_3482	RpsH	K02994
SDY_3406	RpsI	K02996
SDY_3497	RpsJ	K02946
SDY_3473	RpsK	K02948
SDY_3503	RpsL	K02950
SDY_3474	RpsM	K02952
SDY_3483	RpsN	K02954
SDY_3344	RpsO	K02956
SDY_2783	RpsP	K02959
SDY_3487	RpsQ	K02961
SDY_4371	RpsR	K02963
SDY_3492	RpsS	K02965
SDY_0045	RpsT	K02968
SDY_3249	RpsU	K02970
SDY_3744	RplA	K02863
SDY_3493	RplB	K02886
SDY_3496	RplC	K02906
SDY_3495	RplD	K02926
SDY_3484	RplE	K02931
SDY_3481	RplF	K02933
SDY_3742	RplL	K02935
SDY_4372	RplI	K02939
SDY_3743	RplJ	K02864
SDY_3745	RplK	K02867
SDY_3407	RplM	K02871
SDY_3486	RplN	K02874
SDY_3477	RplO	K02876
SDY_3489	RplP	K02878
SDY_3470	RplQ	K02879
SDY_3480	RplR	K02881
SDY_2780	RplS	K02884
SDY_1811	RplT	K02887
SDY_3367	RplU	K02888
SDY_3491	RplV	K02890
SDY_3494	RplW	K02892
SDY_3485	RplX	K02895
SDY_0894	RplY	K02897
SDY_3366	RpmA	K02899
SDY_4067	RpmB	K02902
SDY_3488	RpmC	K02904
SDY_3478	RpmD	K02907
SDY_3801	RpmE	K02909
SDY_2061	RpmF	K02911
SDY_4066	RpmG	K02913
SDY_4185	RpmH	K02914
SDY_1812	RpmI	K02916
SDY_3475	RpmJ	K02919
SDY_0185	RpsB	K02967
SDY_3490	RpsC	K02982
SDY_3472	RpsD	K02986
SDY_3479	RpsE	K02988
SDY_3502	RpsG	K02992
SDY_3482	RpsH	K02994
SDY_3406	RpsI	K02996
SDY_3497	RpsJ	K02946
SDY_3473	RpsK	K02948
SDY_3503	RpsL	K02950
SDY_3474	RpsM	K02952
SDY_3483	RpsN	K02954
SDY_3344	RpsO	K02956
SDY_3487	RpsQ	K02961
SDY_3492	RpsS	K02965
SDY_3744	RplA	K02863
SDY_3493	RplB	K02886
SDY_3496	RplC	K02906
SDY_3484	RplE	K02931
SDY_3481	RplF	K02933
SDY_3743	RplJ	K02864
SDY_3745	RplK	K02867
SDY_3407	RplM	K02871
SDY_3486	RplN	K02874
SDY_3477	RplO	K02876
SDY_3480	RplR	K02881
SDY_3491	RplV	K02890
SDY_3494	RplW	K02892
SDY_3485	RplX	K02895
SDY_3488	RpmC	K02904
SDY_3478	RpmD	K02907
SDY_0224	RrfH	K01985
SDY_2831	RrfG	K01985
SDY_3449	RrfF	K01985
SDY_3451	RrfD	K01985
SDY_3716	RrfC	K01985
SDY_3757	RrfA	K01985
SDY_3890	RrfB	K01985
SDY_3988	RrfE	K01985
SDY_0220	RrsH	K01977
SDY_2834	RrsG	K01977
SDY_3455	RrsD	K01977
SDY_3719	RrsC	K01977
SDY_3760	RrsA	K01977
SDY_3894	RrsB	K01977
SDY_3991	RrsE	K01977
SDY_0223	RrlH	K01980
SDY_2832	RrlG	K01980
SDY_3452	RrlD	K01980
SDY_3717	RrlC	K01980
SDY_3758	RrlA	K01980
SDY_3891	RrlB	K01980
SDY_3989	RrlE	K01980
SDY_4017	AtpC	K02114
SDY_4016	AtpD	K02112
SDY_4015	AtpG	K02115
SDY_4014	AtpA	K02111
SDY_4013	AtpH	K02113
SDY_4012	AtpF	K02109
SDY_4011	AtpE	K02110
SDY_4010	AtpB	K02108
SDY_4009	AtpI	K02116
SDY_2600	GltX	K01885
SDY_0614	GlnS	K01886
SDY_0160	YadB	K01894
SDY_3695	TrpS	K01867
SDY_1860	TyrS	K01866
SDY_0278	CysS	K01883
SDY_1180	ArgS	K01887
SDY_2181	MetG	K01874
SDY_0048	IleS	K01870
SDY_4282	ValS	K01873
SDY_0564	LeuS	K01869
SDY_3192	LysS	K04567
SDY_4399	YjeA	K04568
SDY_1153	AspS	K01876
SDY_2327	AsnC	K01893
SDY_2710	HisS	K01892
SDY_4344	GlyQ	K01878
SDY_4345	GlyS	K01879
SDY_2368	SerS	K01875
SDY_0213	ProS	K01881
SDY_1814	ThrS	K01868
SDY_2893	AlaS	K01872
SDY_1809	PheS	K01889
SDY_1808	PheT	K01890
SDY_2329	AspC	K00813
SDY_3707	AvtA	K00835
SDY_4520	TyrB	K00832
SDY_0532	YbdL	K14287
SDY_2220	HisC	K00817
SDY_4050	Kbl	K00639
SDY_0830	BioF	K00652
SDY_1845	MalY	K14155
SDY_3521	ArgD	K00821
SDY_0832	BioA	K00833
SDY_0170	HemL	K01845
SDY_3978	IlvE	K00826
SDY_2354	SerC	K00831
SDY_3957	WecE	K02805
SDY_2388	AqpZ	K06188
SDY_3817	GlpF	K02440
SDY_2379	ClpA	K03694
SDY_2835	ClpB	K03695
SDY_0294	ClpX	K03544
SDY_3806	HslU	K03667
SDY_0446	HtpG	K04079
SDY_0013	DnaK	K04043
SDY_2722	HscA	K04044
SDY_2193	YegD	K04046
SDY_4449	GroEl	K04077
SDY_0014	DnaJ	K03686
SDY_0974	CbpA	K05516
SDY_0080	DjlA	K05801
SDY_2723	HscB	K04082
SDY_3677	HslO	K04083
SDY_4173	IbpA	K04080
SDY_4172	IbpB	K04081
SDY_2787	GrpE	K03687
SDY_3678	YrfH	K04762
SDY_4448	GroEs	K04078
SDY_0178	HtrA	K04771
SDY_3359	HflB	K03798
SDY_4010	AtpB	K02108
SDY_4042	SecB	K03071
SDY_3525	PpiA	K03767
SDY_0277	PpiB	K03768
SDY_0291	YbaU	K03770
SDY_3508	FkpA	K03772
SDY_4377	FklB	K03773
SDY_0050	SlpA	K03774
SDY_3510	SlyD	K03775
SDY_3973	PpiC	K03769
SDY_0078	SurA	K03771
SDY_3968	TrxA	K03671
SDY_2825	TrxC	K03672
SDY_0407	YbbN	K05838
SDY_0746	GrxA	K03674
SDY_2089	GrxB	K03675
SDY_4043	GrxC	K03676
SDY_1880	YdhD	K07390
SDY_3885	DsbA	K03673
SDY_1222	DsbB	K03611
SDY_3189	DsbC	K03981
SDY_4441	DipZ	K04084
SDY_0883	DsbE	K02199
SDY_1389	StxA	K11006
SDY_1390	StxB	K11007
SDY_0198	LpxB	K00748
SDY_0197	LpxA	K00677
SDY_0195	LpxD	K02536
SDY_2293	HtrB	K02517
SDY_1142	MsbB	K02560
SDY_0545	PagP	K12973
SDY_2576	Ddg	K12974
SDY_4099	YjdB	K03760
SDY_0126	LpxC	K02535
SDY_0276	YbbF	K03269
SDY_2453	ArnT	K07264
SDY_2343	LpxK	K00912
SDY_4063	KdtA	K02527
SDY_4053	RfaC	K02841
SDY_4052	RfaF	K02843
SDY_4062	WaaQ	K02849
SDY_4061	RfaG	K02844
SDY_4059	RfaI	K03275
SDY_4058	RfaJ	K03276
SDY_4056	WaaW	K12985
SDY_4060	WaaP	K02848
SDY_4057	RfaY	K02850
SDY_2211	RfbQ	K12990
SDY_3964	Rfe	K02851
SDY_4054	WaaL	K02847
SDY_2214	WzzB	K05789
SDY_1264	KdsA	K01627
SDY_3379	YrbI	K03270
SDY_2340	KdsB	K00979
SDY_0248	GmhA	K03271
SDY_0219	YaeD	K03273
SDY_4051	RfaD	K03274
SDY_3962	WecB	K01791
SDY_2058	FabD	K00645
SDY_2522	FabB	K00647
SDY_2055	FabF	K09458
SDY_2059	FabH	K00648
SDY_2057	FabG	K00059
SDY_0196	FabZ	K02372
SDY_0927	FabA	K01716
SDY_1368	FabI	K00208
SDY_0404	TesA	K10804
SDY_0389	TesB	K10805
SDY_1317	YciA	K10806
SDY_0287	YbaW	K12500
SDY_1709	FadD	K01897
SDY_4533	PlsB	K00631
SDY_2060	PlsX	K03621
SDY_3242	YgiH	K08591
SDY_3219	PlsC	K00655
SDY_2377	InfA	K02518
SDY_3347	InfB	K02519
SDY_1813	InfC	K02520
SDY_1358	YciH	K03113
SDY_0186	Tsf	K02357
SDY_3500	TufA	K02358
SDY_3748	TufB	K02358
SDY_3501	FusA	K02355
SDY_0908	YeiP	K02356
SDY_4390	Efp	K02356
SDY_1260	PrfA	K02835
SDY_3191	PrfB	K02836
SDY_4634	PrfC	K02837
SDY_0188	Frr	K02838
SDY_0481	PrfH	K02839
SDY_0233	RnhA	K03469
SDY_1045	Dcm	K00558
SDY_3726	HupA	K05787
SDY_0292	HupB	K03530
SDY_1807	IhfA	K04764
SDY_2346	IhfB	K05788
SDY_4184	DnaA	K02313
SDY_4522	DnaB	K02314
SDY_4615	DnaC	K02315
SDY_3250	DnaG	K02316
SDY_4508	Ssb	K03111
SDY_0200	DnaE	K02337
SDY_4183	DnaN	K02338
SDY_4283	HolC	K02339
SDY_0562	HolA	K02340
SDY_2051	HolB	K02341
SDY_0234	DnaQ	K02342
SDY_0449	DnaX	K02343
SDY_4631	HolD	K02344
SDY_1128	HolE	K02345
SDY_0233	RnhA	K03469
SDY_0199	RnhB	K03470
SDY_3879	PolA	K02335
SDY_2608	LigA	K01972
SDY_1826	Tus	K10748
SDY_3692	Dam	K06223
SDY_0627	SeqA	K03645
SDY_2423	GyrA	K02469
SDY_4181	GyrB	K02470
SDY_3218	ParC	K02621
SDY_3210	ParE	K02622
SDY_1344	TopA	K03168
SDY_1510	TopB	K03169
SDY_3426	MreB	K03569
SDY_0125	FtsZ	K03531
SDY_1206	MinD	K03609
SDY_P032	ParB	K03497
SDY_P161	VirB	K03497
SDY_2023	PhoQ	K07637
SDY_3672	EnvZ	K07638
SDY_1825	RstB	K07639
SDY_3835	CpxA	K07640
SDY_2187	BaeS	K07642
SDY_4101	BasS	K07643
SDY_3213	QseC	K07645
SDY_3391	ArcB	K07648
SDY_1276	NarX	K07673
SDY_2653	NarQ	K07674
SDY_4149	UhpB	K07675
SDY_0858	YojN	K07676
SDY_0856	RcsC	K07677
SDY_3003	BarA	K07678
SDY_4478	EvgS	K07679
SDY_4238	YjdH	K07701
SDY_2163	YehU	K02478
SDY_3874	GlnL	K07708
SDY_3723	HydH	K07709
SDY_2746	YfhK	K07711
SDY_3595	Ggt	K00681
SDY_0761	MoeB	K11996
SDY_2587	Glk	K00845
SDY_4226	Pgi	K01810
SDY_1816	PfkB	K00850
SDY_3831	PfkA	K00850
SDY_4250	Fbp	K03841
SDY_3819	GlpX	K02446
SDY_3157	Fba	K01624
SDY_3826	TpiA	K01803
SDY_1488	GapA	K00134
SDY_3156	Pgk	K00927
SDY_0702	GpmA	K01834
SDY_4045	YibO	K01834
SDY_4656	GpmB	K01834
SDY_2996	Eno	K01689
SDY_1141	PykA	K00873
SDY_1905	PykF	K00873
SDY_0144	AceE	K00163
SDY_0145	AceF	K00627
SDY_0146	LpdA	K00382
SDY_1295	AdhE	K04072
SDY_1608	AdhP	K13953
SDY_0703	GalM	K01785
SDY_0978	Agp	K01085
SDY_0628	Pgm	K01835
SDY_1487	YeaD	K01792
SDY_3673	PckA	K01610
SDY_2912	AscB	K01223
SDY_2614	Crr	K02777
SDY_2049	PtsG	K02778
SDY_1842	MalX	K02790
SDY_0658	GltA	K01647
SDY_0025	AcnB	K01682
SDY_2016	IcdA	K00031
SDY_0664	SucA	K00164
SDY_0665	SucB	K00658
SDY_0146	LpdA	K00382
SDY_0667	SucD	K01902
SDY_0666	SucC	K01903
SDY_0661	SdhA	K00239
SDY_0662	SdhB	K00240
SDY_0659	SdhC	K00241
SDY_0660	SdhD	K00242
SDY_4398	FrdA	K00244
SDY_4397	FrdB	K00245
SDY_4396	FrdC	K00246
SDY_4395	FrdD	K00247
SDY_1828	FumA	K01676
SDY_4231	FumB	K01676
SDY_1827	FumC	K01679
SDY_3412	Mdh	K00024
SDY_3673	PckA	K01610
SDY_0144	AceE	K00163
SDY_0145	AceF	K00627
SDY_4226	Pgi	K01810
SDY_1138	Zwf	K00036
SDY_2011	YbhE	K07404
SDY_2212	Gnd	K00033
SDY_3693	Rpe	K01783
SDY_3141	TktA	K00615
SDY_0008	TalB	K00616
SDY_3168	RpiA	K01807
SDY_4641	DeoC	K01619
SDY_3995	RbsK	K00852
SDY_4643	DeoB	K01839
SDY_0628	Pgm	K01835
SDY_4122	PhnN	K05774
SDY_1256	PrsA	K00948
SDY_1137	Edd	K01690
SDY_1136	Eda	K01625
SDY_4350	YiaE	K00090
SDY_3588	GntK	K00851
SDY_3157	Fba	K01624
SDY_1816	PfkB	K00850
SDY_3831	PfkA	K00850
SDY_4250	Fbp	K03841
SDY_3819	GlpX	K02446
SDY_1136	Eda	K01625
SDY_3276	UxaA	K01685
SDY_2213	Ugd	K00012
SDY_1288	GalU	K00963
SDY_2203	GalF	K00963
SDY_0088	AraD	K01786
SDY_3693	Rpe	K01783
SDY_0089	AraA	K01804
SDY_0090	AraB	K00853
SDY_3842	RhaB	K00848
SDY_3844	RhaD	K01629
SDY_0345	YajF	K00847
SDY_1829	ManA	K01809
SDY_3020	FucI	K01818
SDY_3021	FucK	K00879
SDY_3017	FucA	K01628
SDY_3842	RhaB	K00848
SDY_3844	RhaD	K01629
SDY_1816	PfkB	K00850
SDY_3831	PfkA	K00850
SDY_4250	Fbp	K03841
SDY_3819	GlpX	K02446
SDY_2902	SrlD	K00068
SDY_2316	FruK	K00882
SDY_3157	Fba	K01624
SDY_3826	TpiA	K01803
SDY_2317	FruB	K02768
SDY_2315	FruA	K02769
SDY_1963	ManX	K02793
SDY_1965	ManZ	K02796
SDY_3143	CmtB	K02798
SDY_3144	CmtA	K02799
SDY_2901	SrlB	K02781
SDY_2898	SrlA	K02783
SDY_0704	GalK	K00849
SDY_0706	GalE	K01784
SDY_1288	GalU	K00963
SDY_2203	GalF	K00963
SDY_0628	Pgm	K01835
SDY_2587	Glk	K00845
SDY_0378	LacZ	K01190
SDY_0705	GalT	K00965
SDY_4092	MelA	K07406
SDY_2265	GatB	K02774
SDY_2263	GatD	K00094
SDY_1816	PfkB	K00850
SDY_3831	PfkA	K00850
SDY_2269	GatY	K08302
SDY_2213	Ugd	K00012
SDY_0038	YadI	K02821
SDY_4364	PtxA	K02821
SDY_4363	SgaB	K02822
SDY_4362	UlaA	K03475
SDY_4361	YjfR	K03476
SDY_4365	UlaD	K03078
SDY_4367	SgaE	K03077
SDY_3320	YhaF	K01630
SDY_2156	BglX	K05349
SDY_1193	OtsA	K00697
SDY_1246	TreA	K01194
SDY_4258	TreC	K01226
SDY_2614	Crr	K02777
SDY_1842	MalX	K02790
SDY_4259	TreB	K02818
SDY_2213	Ugd	K00012
SDY_1288	GalU	K00963
SDY_2203	GalF	K00963
SDY_0628	Pgm	K01835
SDY_2587	Glk	K00845
SDY_4226	Pgi	K01810
SDY_0345	YajF	K00847
SDY_3576	GlgC	K00975
SDY_3575	GlgA	K00703
SDY_3578	GlgB	K00700
SDY_3574	GlgP	K00688
SDY_3659	MalP	K00688
SDY_1088	AmyA	K01176
SDY_3660	MalQ	K00705
SDY_4553	BcsA	K00694
SDY_2043	YcfO	K01207
SDY_2614	Crr	K02777
SDY_2625	MurP	K11191
SDY_2624	MurQ	K07106
SDY_0613	NagE	K02802
SDY_2031	YcfX	K00884
SDY_4018	GlmU	K04042
SDY_3962	WecB	K01791
SDY_3397	YhcI	K00885
SDY_3398	YhcJ	K01788
SDY_3400	NanA	K01639
SDY_3961	WecC	K02472
SDY_3370	MurA	K00790
SDY_3756	MurB	K00075
SDY_3357	GlmM	K03431
SDY_0611	NagA	K01443
SDY_0345	YajF	K00847
SDY_0612	NagB	K02564
SDY_4019	GlmS	K00820
SDY_2030	CobB	K12410
SDY_2049	PtsG	K02778
SDY_2587	Glk	K00845
SDY_4226	Pgi	K01810
SDY_0628	Pgm	K01835
SDY_1288	GalU	K00963
SDY_2203	GalF	K00963
SDY_0705	GalT	K00965
SDY_2213	Ugd	K00012
SDY_0704	GalK	K00849
SDY_0706	GalE	K01784
SDY_1963	ManX	K02793
SDY_1965	ManZ	K02796
SDY_1829	ManA	K01809
SDY_3576	GlgC	K00975
SDY_0144	AceE	K00163
SDY_0145	AceF	K00627
SDY_0146	LpdA	K00382
SDY_0764	YbiW	K00656
SDY_2358	PflB	K00656
SDY_3306	TdcE	K00656
SDY_3786	PflD	K00656
SDY_1295	AdhE	K04072
SDY_2492	AckA	K00925
SDY_2493	Pta	K13788
SDY_1141	PykA	K00873
SDY_1905	PykF	K00873
SDY_0201	AccA	K01962
SDY_3432	AccB	K02160
SDY_3433	AccC	K01961
SDY_2515	AccD	K01963
SDY_4038	LldD	K00101
SDY_2392	PoxB	K00156
SDY_2155	Dld	K03777
SDY_1464	LdhA	K03778
SDY_1877	GloA	K01759
SDY_0231	GloB	K01069
SDY_1004	YcdW	K12972
SDY_3016	FucO	K00048
SDY_0938	MgsA	K01734
SDY_3412	Mdh	K00024
SDY_0866	YojH	K00116
SDY_3791	Ppc	K01595
SDY_3673	PckA	K01610
SDY_1794	PpsA	K01007
SDY_0101	LeuA	K01649
SDY_4328	AceA	K01637
SDY_3412	Mdh	K00024
SDY_0658	GltA	K01647
SDY_0025	AcnB	K01682
SDY_3694	Gph	K01091
SDY_0395	Gcl	K01608
SDY_3319	GarR	K00042
SDY_3318	YhaD	K00865
SDY_1004	YcdW	K12972
SDY_3016	FucO	K00048
SDY_1701	YeaU	K07246
SDY_1136	Eda	K01625
SDY_3849	FdoG	K00123
SDY_3850	FdoH	K00124
SDY_3851	FdoI	K00127
SDY_1605	FdnH	K08349
SDY_1606	FdnI	K08350
SDY_0281	FolD	K01491
SDY_1284	PurU	K01433
SDY_2492	AckA	K00925
SDY_3307	TdcD	K00932
SDY_2493	Pta	K13788
SDY_0764	YbiW	K00656
SDY_2358	PflB	K00656
SDY_3306	TdcE	K00656
SDY_3786	PflD	K00656
SDY_3899	FadB	K01825
SDY_2542	FadJ	K01782
SDY_0201	AccA	K01962
SDY_3432	AccB	K02160
SDY_3433	AccC	K01961
SDY_2515	AccD	K01963
SDY_0666	SucC	K01903
SDY_0667	SucD	K01902
SDY_3899	FadB	K01825
SDY_2542	FadJ	K01782
SDY_1295	AdhE	K04072
SDY_1701	YeaU	K07246
SDY_0661	SdhA	K00239
SDY_0662	SdhB	K00240
SDY_0659	SdhC	K00241
SDY_0660	SdhD	K00242
SDY_4398	FrdA	K00244
SDY_4397	FrdB	K00245
SDY_4396	FrdC	K00246
SDY_4395	FrdD	K00247
SDY_1615	GadB	K01580
SDY_0764	YbiW	K00656
SDY_2358	PflB	K00656
SDY_3306	TdcE	K00656
SDY_3786	PflD	K00656
SDY_0144	AceE	K00163
SDY_0107	IlvI	K01652
SDY_3980	IlvG	K01652
SDY_4155	IlvB	K01652
SDY_0108	IlvH	K01653
SDY_4154	IlvN	K01653
SDY_3979	IlvM	K11258
SDY_0107	IlvI	K01652
SDY_3980	IlvG	K01652
SDY_4155	IlvB	K01652
SDY_0108	IlvH	K01653
SDY_4154	IlvN	K01653
SDY_3979	IlvM	K11258
SDY_0666	SucC	K01903
SDY_0667	SucD	K01902
SDY_0099	LeuC	K01703
SDY_0098	LeuD	K01704
SDY_2729	SuhB	K01092
SDY_0956	AppA	K01093
SDY_3826	TpiA	K01803
SDY_2484	NuoA	K00330
SDY_2483	NuoB	K00331
SDY_2482	NuoC	K13378
SDY_2481	NuoE	K00334
SDY_2480	NuoF	K00335
SDY_2479	NuoG	K00336
SDY_2478	NuoH	K00337
SDY_2477	NuoI	K00338
SDY_2476	NuoJ	K00339
SDY_2475	NuoK	K00340
SDY_2474	NuoL	K00341
SDY_2473	NuoM	K00342
SDY_2472	NuoN	K00343
SDY_2041	Ndh	K03885
SDY_0661	SdhA	K00239
SDY_0662	SdhB	K00240
SDY_0659	SdhC	K00241
SDY_0660	SdhD	K00242
SDY_4398	FrdA	K00244
SDY_4397	FrdB	K00245
SDY_4396	FrdC	K00246
SDY_4395	FrdD	K00247
SDY_0680	CydA	K00425
SDY_0953	AppC	K00425
SDY_0681	CydB	K00426
SDY_0954	AppB	K00426
SDY_4017	AtpC	K02114
SDY_4016	AtpD	K02112
SDY_4015	AtpG	K02115
SDY_4014	AtpA	K02111
SDY_4013	AtpH	K02113
SDY_4012	AtpF	K02109
SDY_4011	AtpE	K02110
SDY_4010	AtpB	K02108
SDY_4462	Ppa	K01507
SDY_2690	Ppk	K00937
SDY_2112	YeiG	K01070
SDY_3849	FdoG	K00123
SDY_3850	FdoH	K00124
SDY_3851	FdoI	K00127
SDY_1605	FdnH	K08349
SDY_1606	FdnI	K08350
SDY_2741	GlyA	K00600
SDY_3318	YhaD	K00865
SDY_2996	Eno	K01689
SDY_3791	Ppc	K01595
SDY_3412	Mdh	K00024
SDY_3776	MetF	K00297
SDY_3157	Fba	K01624
SDY_4250	Fbp	K03841
SDY_1816	PfkB	K00850
SDY_3831	PfkA	K00850
SDY_2492	AckA	K00925
SDY_2493	Pta	K13788
SDY_1794	PpsA	K01007
SDY_0702	GpmA	K01834
SDY_4045	YibO	K01834
SDY_4656	GpmB	K01834
SDY_3169	SerA	K00058
SDY_2354	SerC	K00831
SDY_4649	SerB	K01079
SDY_0018	NhaA	K03313
SDY_1223	NhaB	K03314
SDY_0035	YadF	K01673
SDY_1279	NarG	K00370
SDY_1280	NarH	K00371
SDY_1281	NarJ	K00373
SDY_1282	NarI	K00374
SDY_1651	NarY	K08346
SDY_1652	NarW	K08361
SDY_1653	NarV	K08347
SDY_3527	NirB	K00362
SDY_3528	NirD	K00363
SDY_1540	NadE	K01916
SDY_3176	GcvT	K00605
SDY_1226	DadA	K00285
SDY_4444	AspA	K01744
SDY_4004	AsnA	K01914
SDY_1506	AnsA	K01424
SDY_3115	AnsB	K01424
SDY_1514	GdhA	K00262
SDY_3873	GlnA	K01915
SDY_1631	YneH	K01425
SDY_3393	GltB	K00265
SDY_3394	GltD	K00266
SDY_0608	AsnB	K01953
SDY_3065	MetC	K01760
SDY_1845	MalY	K14155
SDY_0872	NapA	K02567
SDY_0876	NapC	K02569
SDY_0875	NapB	K02568
SDY_0874	NapH	K02574
SDY_0873	NapG	K02573
SDY_0871	NapD	K02570
SDY_0870	NapF	K02572
SDY_2949	CysC	K00860
SDY_2950	CysN	K00956
SDY_2951	CysD	K00957
SDY_2964	CysH	K00390
SDY_2965	CysI	K00381
SDY_2966	CysJ	K00380
SDY_3065	MetC	K01760
SDY_1845	MalY	K14155
SDY_3774	MetB	K01739
SDY_4330	MetA	K00651
SDY_4040	CysE	K00640
SDY_2611	CysK	K01738
SDY_2617	CysM	K12339
SDY_0201	AccA	K01962
SDY_3432	AccB	K02160
SDY_3433	AccC	K01961
SDY_2515	AccD	K01963
SDY_2058	FabD	K00645
SDY_2522	FabB	K00647
SDY_2055	FabF	K09458
SDY_2059	FabH	K00648
SDY_2057	FabG	K00059
SDY_0196	FabZ	K02372
SDY_0927	FabA	K01716
SDY_1368	FabI	K00208
SDY_2543	FadI	K00632
SDY_3900	FadA	K00632
SDY_3899	FadB	K01825
SDY_2542	FadJ	K01782
SDY_1709	FadD	K01897
SDY_3053	Aas	K05939
SDY_1295	AdhE	K04072
SDY_1608	AdhP	K13953
SDY_3318	YhaD	K00865
SDY_3780	GldA	K00005
SDY_3818	GlpK	K00864
SDY_4533	PlsB	K00631
SDY_2060	PlsX	K03621
SDY_3242	YgiH	K08591
SDY_3219	PlsC	K00655
SDY_4532	DgkA	K00901
SDY_4613	MdoB	K01002
SDY_4092	MelA	K07406
SDY_4041	GpsA	K00057
SDY_2436	GlpA	K00111
SDY_3649	GlpD	K00111
SDY_2437	GlpB	K00112
SDY_2438	GlpC	K00113
SDY_4533	PlsB	K00631
SDY_2060	PlsX	K03621
SDY_3242	YgiH	K08591
SDY_3219	PlsC	K00655
SDY_4532	DgkA	K00901
SDY_3922	PldA	K01058
SDY_3918	PldB	K01048
SDY_2434	GlpQ	K01126
SDY_3053	Aas	K05939
SDY_2638	EutC	K03736
SDY_0191	CdsA	K00981
SDY_2828	PssA	K00998
SDY_4432	Psd	K01613
SDY_1106	PgsA	K00995
SDY_0316	PgpA	K01095
SDY_1354	PgpB	K01096
SDY_1307	Cls	K06131
SDY_0814	YbhO	K06132
SDY_0378	LacZ	K01190
SDY_3945	AslA	K01130
SDY_4092	MelA	K07406
SDY_1805	BtuE	K00432
SDY_3595	Ggt	K00681
SDY_3922	PldA	K01058
SDY_2543	FadI	K00632
SDY_3900	FadA	K00632
SDY_2057	FabG	K00059
SDY_3899	FadB	K01825
SDY_2542	FadJ	K01782
SDY_0404	TesA	K10804
SDY_0389	TesB	K10805
SDY_1317	YciA	K10806
SDY_3206	NudF	K01515
SDY_3681	NudE	K08312
SDY_4643	DeoB	K01839
SDY_0628	Pgm	K01835
SDY_1256	PrsA	K00948
SDY_2511	PurF	K00764
SDY_3721	PurD	K01945
SDY_2689	PurN	K11175
SDY_1135	PurT	K08289
SDY_2747	PurL	K01952
SDY_2688	PurM	K01933
SDY_0274	PurK	K01589
SDY_0275	PurE	K01588
SDY_2664	PurC	K01923
SDY_2021	PurB	K01756
SDY_3720	PurH	K00602
SDY_0450	Apt	K00759
SDY_0438	UshA	K11751
SDY_P064	UshA	K11751
SDY_2943	SurE	K03787
SDY_4633	YjjG	K08723
SDY_0442	Gsk	K00892
SDY_4644	DeoD	K03784
SDY_2104	YeiK	K10213
SDY_0034	Hpt	K00760
SDY_2704	GuaB	K00088
SDY_2714	Ndk	K00940
SDY_2998	MazG	K02428
SDY_0479	Gpt	K00769
SDY_2703	GuaA	K01951
SDY_0134	GuaC	K00364
SDY_4080	Gmk	K00942
SDY_1141	PykA	K00873
SDY_1905	PykF	K00873
SDY_2428	NrdA	K00525
SDY_2868	NrdE	K00525
SDY_2429	NrdB	K00526
SDY_2869	NrdF	K00526
SDY_4257	NrdD	K00527
SDY_3471	RpoA	K03040
SDY_3741	RpoB	K03043
SDY_3740	RpoC	K03046
SDY_4081	RpoZ	K03060
SDY_3879	PolA	K02335
SDY_0200	DnaE	K02337
SDY_4183	DnaN	K02338
SDY_0449	DnaX	K02343
SDY_0562	HolA	K02340
SDY_2051	HolB	K02341
SDY_0234	DnaQ	K02342
SDY_1128	HolE	K02345
SDY_4283	HolC	K02339
SDY_4631	HolD	K02344
SDY_4082	SpoT	K01139
SDY_2691	Ppx	K01514
SDY_3970	GppA	K01524
SDY_3001	RelA	K00951
SDY_3940	CyaA	K05851
SDY_4412	PurA	K01939
SDY_1846	Add	K01488
SDY_2253	Amn	K01241
SDY_4146	YicP	K01486
SDY_4383	CpdB	K01119
SDY_0445	Adk	K00939
SDY_3118	YggV	K01516
SDY_3343	Pnp	K00962
SDY_0074	ApaH	K01525
SDY_2949	CysC	K00860
SDY_2950	CysN	K00956
SDY_2951	CysD	K00957
SDY_0397	YbbT	K01483
SDY_0055	CarB	K01955
SDY_0054	CarA	K01956
SDY_4264	PyrB	K00609
SDY_4263	PyrI	K00610
SDY_2091	PyrC	K01465
SDY_0918	PyrD	K00226
SDY_4073	PyrE	K00762
SDY_1357	PyrF	K01591
SDY_2348	Cmk	K00945
SDY_0187	PyrH	K09903
SDY_2714	Ndk	K00940
SDY_3343	Pnp	K00962
SDY_2998	MazG	K02428
SDY_2997	PyrG	K01937
SDY_3471	RpoA	K03040
SDY_3741	RpoB	K03043
SDY_3740	RpoC	K03046
SDY_4081	RpoZ	K03060
SDY_3879	PolA	K02335
SDY_0200	DnaE	K02337
SDY_4183	DnaN	K02338
SDY_0449	DnaX	K02343
SDY_0562	HolA	K02340
SDY_2051	HolB	K02341
SDY_0234	DnaQ	K02342
SDY_1128	HolE	K02345
SDY_4283	HolC	K02339
SDY_4631	HolD	K02344
SDY_2197	Dcd	K01494
SDY_2196	Udk	K00876
SDY_0438	UshA	K11751
SDY_P064	UshA	K11751
SDY_2943	SurE	K03787
SDY_4633	YjjG	K08723
SDY_3912	Udp	K00757
SDY_2687	Upp	K00761
SDY_2104	YeiK	K10213
SDY_2373	TrxB	K00384
SDY_4257	NrdD	K00527
SDY_2428	NrdA	K00525
SDY_2868	NrdE	K00525
SDY_2429	NrdB	K00526
SDY_2869	NrdF	K00526
SDY_4070	Dut	K01520
SDY_3044	ThyA	K00560
SDY_2144	Cdd	K01489
SDY_4642	DeoA	K00758
SDY_4644	DeoD	K03784
SDY_1290	Tdk	K00857
SDY_2052	Tmk	K00943
SDY_4383	CpdB	K01119
SDY_2329	AspC	K00813
SDY_2815	NadB	K00278
SDY_1506	AnsA	K01424
SDY_3115	AnsB	K01424
SDY_4004	AsnA	K01914
SDY_0608	AsnB	K01953
SDY_4444	AspA	K01744
SDY_3351	ArgG	K01940
SDY_3795	ArgH	K01755
SDY_4412	PurA	K01939
SDY_2021	PurB	K01756
SDY_4264	PyrB	K00609
SDY_4263	PyrI	K00610
SDY_1615	GadB	K01580
SDY_3393	GltB	K00265
SDY_3394	GltD	K00266
SDY_1514	GdhA	K00262
SDY_3873	GlnA	K01915
SDY_0055	CarB	K01955
SDY_0054	CarA	K01956
SDY_1631	YneH	K01425
SDY_4019	GlmS	K00820
SDY_2511	PurF	K00764
SDY_4227	LysC	K00928
SDY_0002	ThrA	K12524
SDY_3775	MetL	K12525
SDY_2518	Usg	K00133
SDY_3579	Asd	K00133
SDY_0003	ThrB	K00872
SDY_0004	ThrC	K01733
SDY_2393	YbjU	K01620
SDY_2741	GlyA	K00600
SDY_4649	SerB	K01079
SDY_2354	SerC	K00831
SDY_3169	SerA	K00058
SDY_3318	YhaD	K00865
SDY_1004	YcdW	K12972
SDY_4050	Kbl	K00639
SDY_4049	Tdh	K00060
SDY_3178	GcvP	K00281
SDY_3176	GcvT	K00605
SDY_0146	LpdA	K00382
SDY_2828	PssA	K00998
SDY_1720	SdaA	K01752
SDY_3014	SdaB	K01752
SDY_3304	YhaP	K01752
SDY_3309	TdcB	K01754
SDY_3976	IlvA	K01754
SDY_2561	DsdA	K01753
SDY_1328	TrpA	K01695
SDY_1329	TrpB	K01696
SDY_4040	CysE	K00640
SDY_2611	CysK	K01738
SDY_2617	CysM	K12339
SDY_3065	MetC	K01760
SDY_1845	MalY	K14155
SDY_4322	MetH	K00548
SDY_3914	MetE	K00549
SDY_3130	MetK	K00789
SDY_0027	SpeD	K01611
SDY_0028	SpeE	K00797
SDY_0175	Pfs	K01243
SDY_4520	TyrB	K00832
SDY_1045	Dcm	K00558
SDY_2884	YgaG	K07173
SDY_4227	LysC	K00928
SDY_0002	ThrA	K12524
SDY_3775	MetL	K12525
SDY_2518	Usg	K00133
SDY_3579	Asd	K00133
SDY_4330	MetA	K00651
SDY_3774	MetB	K01739
SDY_2329	AspC	K00813
SDY_2717	SseA	K01011
SDY_1098	YedO	K05396
SDY_1720	SdaA	K01752
SDY_3014	SdaB	K01752
SDY_3304	YhaP	K01752
SDY_3978	IlvE	K00826
SDY_0146	LpdA	K00382
SDY_3899	FadB	K01825
SDY_2542	FadJ	K01782
SDY_2543	FadI	K00632
SDY_3900	FadA	K00632
SDY_3309	TdcB	K01754
SDY_3976	IlvA	K01754
SDY_0099	LeuC	K01703
SDY_0098	LeuD	K01704
SDY_0107	IlvI	K01652
SDY_3980	IlvG	K01652
SDY_4155	IlvB	K01652
SDY_0108	IlvH	K01653
SDY_4154	IlvN	K01653
SDY_3979	IlvM	K11258
SDY_3974	IlvC	K00053
SDY_3977	IlvD	K01687
SDY_3978	IlvE	K00826
SDY_3707	AvtA	K00835
SDY_0101	LeuA	K01649
SDY_0100	LeuB	K00052
SDY_0564	LeuS	K01869
SDY_0048	IleS	K01870
SDY_4282	ValS	K01873
SDY_0144	AceE	K00163
SDY_4227	LysC	K00928
SDY_0002	ThrA	K12524
SDY_3775	MetL	K12525
SDY_2518	Usg	K00133
SDY_3579	Asd	K00133
SDY_2667	DapA	K01714
SDY_0053	DapB	K00215
SDY_0182	DapD	K00674
SDY_3521	ArgD	K00821
SDY_2656	DapE	K01439
SDY_3936	DapF	K01778
SDY_3055	LysA	K01586
SDY_3794	ArgB	K00930
SDY_3793	ArgC	K00145
SDY_0115	MurE	K01928
SDY_0116	MurF	K01929
SDY_0664	SucA	K00164
SDY_0665	SucB	K00658
SDY_3899	FadB	K01825
SDY_2542	FadJ	K01782
SDY_4094	AdiA	K01584
SDY_3134	SpeA	K01585
SDY_3139	SpeB	K01480
SDY_3107	SpeC	K01581
SDY_0028	SpeE	K00797
SDY_0027	SpeD	K01611
SDY_0480	PepD	K01270
SDY_1533	YdjS	K05526
SDY_1943	OrdL	K09471
SDY_0356	ProC	K00286
SDY_0474	ProB	K00931
SDY_0473	ProA	K00147
SDY_2329	AspC	K00813
SDY_1136	Eda	K01625
SDY_4276	ArgI	K00611
SDY_3351	ArgG	K01940
SDY_3795	ArgH	K01755
SDY_1631	YneH	K01425
SDY_3873	GlnA	K01915
SDY_1514	GdhA	K00262
SDY_3035	ArgA	K00619
SDY_3794	ArgB	K00930
SDY_3793	ArgC	K00145
SDY_3521	ArgD	K00821
SDY_3792	ArgE	K01438
SDY_2222	HisG	K00765
SDY_2215	HisI	K11755
SDY_2217	HisA	K01814
SDY_2218	HisH	K02501
SDY_2216	HisF	K02500
SDY_2220	HisC	K00817
SDY_2219	HisB	K01089
SDY_2221	HisD	K00013
SDY_0480	PepD	K01270
SDY_2329	AspC	K00813
SDY_2220	HisC	K00817
SDY_4520	TyrB	K00832
SDY_1295	AdhE	K04072
SDY_1608	AdhP	K13953
SDY_2329	AspC	K00813
SDY_2220	HisC	K00817
SDY_4520	TyrB	K00832
SDY_1226	DadA	K00285
SDY_0664	SucA	K00164
SDY_3899	FadB	K01825
SDY_2542	FadJ	K01782
SDY_3695	TrpS	K01867
SDY_0701	AroG	K01626
SDY_1798	AroH	K01626
SDY_2765	AroF	K01626
SDY_3690	AroB	K01735
SDY_1474	AroD	K03785
SDY_3458	AroE	K00014
SDY_1475	YdiB	K05887
SDY_0355	AroL	K00891
SDY_3689	AroK	K00891
SDY_2353	AroA	K00800
SDY_2528	AroC	K01736
SDY_1332	TrpE	K01657
SDY_1331	TrpD	K13497
SDY_1330	TrpC	K13498
SDY_1328	TrpA	K01695
SDY_1329	TrpB	K01696
SDY_2766	TyrA	K14187
SDY_2767	PheA	K14170
SDY_2329	AspC	K00813
SDY_2220	HisC	K00817
SDY_4520	TyrB	K00832
SDY_0041	PanD	K01579
SDY_1615	GadB	K01580
SDY_0155	PanC	K01918
SDY_0028	SpeE	K00797
SDY_0480	PepD	K01270
SDY_3899	FadB	K01825
SDY_2542	FadJ	K01782
SDY_1615	GadB	K01580
SDY_3595	Ggt	K00681
SDY_0502	TauD	K03119
SDY_2493	Pta	K13788
SDY_2492	AckA	K00925
SDY_4109	PhnA	K06193
SDY_3595	Ggt	K00681
SDY_3774	MetB	K01739
SDY_3065	MetC	K01760
SDY_1845	MalY	K14155
SDY_3130	MetK	K00789
SDY_2181	MetG	K01874
SDY_2611	CysK	K01738
SDY_2617	CysM	K12339
SDY_2950	CysN	K00956
SDY_2951	CysD	K00957
SDY_2949	CysC	K00860
SDY_1509	SelD	K01008
SDY_4212	SelA	K01042
SDY_2156	BglX	K05349
SDY_3595	Ggt	K00681
SDY_1506	AnsA	K01424
SDY_3115	AnsB	K01424
SDY_4004	AsnA	K01914
SDY_2741	GlyA	K00600
SDY_3761	MurI	K01776
SDY_0118	MurD	K01925
SDY_1631	YneH	K01425
SDY_0121	MurC	K01924
SDY_4521	Alr	K01775
SDY_0122	Ddl	K01921
SDY_0365	Ddl	K01921
SDY_3595	Ggt	K00681
SDY_2885	GshA	K01919
SDY_3125	GshB	K01920
SDY_4284	PepA	K01255
SDY_2719	PepB	K07751
SDY_2325	PepN	K01256
SDY_0480	PepD	K01270
SDY_1858	Gst	K00799
SDY_3562	Gor	K00383
SDY_2016	IcdA	K00031
SDY_2212	Gnd	K00033
SDY_1138	Zwf	K00036
SDY_1805	BtuE	K00432
SDY_3107	SpeC	K01581
SDY_0028	SpeE	K00797
SDY_3085	Gsp	K01460
SDY_0197	LpxA	K00677
SDY_0126	LpxC	K02535
SDY_0195	LpxD	K02536
SDY_0276	YbbF	K03269
SDY_0198	LpxB	K00748
SDY_2343	LpxK	K00912
SDY_1264	KdsA	K01627
SDY_3379	YrbI	K03270
SDY_2340	KdsB	K00979
SDY_4063	KdtA	K02527
SDY_2293	HtrB	K02517
SDY_1142	MsbB	K02560
SDY_0248	GmhA	K03271
SDY_0219	YaeD	K03273
SDY_4051	RfaD	K03274
SDY_4053	RfaC	K02841
SDY_4052	RfaF	K02843
SDY_4061	RfaG	K02844
SDY_4057	RfaY	K02850
SDY_4060	WaaP	K02848
SDY_4062	WaaQ	K02849
SDY_4059	RfaI	K03275
SDY_4058	RfaJ	K03276
SDY_4054	WaaL	K02847
SDY_3370	MurA	K00790
SDY_3756	MurB	K00075
SDY_0121	MurC	K01924
SDY_0118	MurD	K01925
SDY_0115	MurE	K01928
SDY_0122	Ddl	K01921
SDY_0365	Ddl	K01921
SDY_0116	MurF	K01929
SDY_0117	MraY	K01000
SDY_0120	MurG	K02563
SDY_2083	MviN	K03980
SDY_3389	MtgA	K03814
SDY_3682	MrcA	K05366
SDY_0165	MrcB	K05365
SDY_0557	MrdA	K05515
SDY_0114	FtsI	K03587
SDY_0554	DacA	K07258
SDY_0841	DacC	K07258
SDY_2233	DacD	K07258
SDY_3363	DacB	K07259
SDY_0378	LacZ	K01190
SDY_3732	ThiC	K03147
SDY_2277	ThiD	K00941
SDY_3734	ThiF	K03148
SDY_2726	YfhO	K04487
SDY_0307	YajK	K03151
SDY_3736	ThiG	K03149
SDY_3737	ThiH	K03150
SDY_2278	ThiM	K00878
SDY_3733	ThiE	K00788
SDY_0317	ThiL	K00946
SDY_3118	YggV	K01516
SDY_2044	ThiK	K07251
SDY_1353	RibA	K01497
SDY_0320	RibD	K11752
SDY_3226	RibB	K02858
SDY_0319	RibH	K00794
SDY_1888	RibE	K00793
SDY_0047	RibF	K11753
SDY_P004	PhoN2	K09474
SDY_P067	PhoN1	K09474
SDY_0956	AppA	K01093
SDY_2242	CobT	K00768
SDY_1861	PdxH	K00275
SDY_1859	PdxY	K00868
SDY_2615	PdxK	K00868
SDY_3155	Epd	K03472
SDY_2519	PdxB	K03473
SDY_2354	SerC	K00831
SDY_0077	PdxA	K00097
SDY_2805	PdxJ	K03474
SDY_0004	ThrC	K01733
SDY_2815	NadB	K00278
SDY_0694	NadA	K03517
SDY_0139	NadC	K00767
SDY_1505	YdjB	K08281
SDY_2326	PncB	K00763
SDY_0561	NadD	K00969
SDY_1540	NadE	K01916
SDY_4644	DeoD	K03784
SDY_0438	UshA	K11751
SDY_P064	UshA	K11751
SDY_2943	SurE	K03787
SDY_4633	YjjG	K08723
SDY_3730	NudC	K03426
SDY_3797	UdhA	K00322
SDY_1550	PntA	K00324
SDY_1551	PntB	K00325
SDY_2788	PpnK	K00858
SDY_0107	IlvI	K01652
SDY_3980	IlvG	K01652
SDY_4155	IlvB	K01652
SDY_0108	IlvH	K01653
SDY_4154	IlvN	K01653
SDY_3979	IlvM	K11258
SDY_3974	IlvC	K00053
SDY_3977	IlvD	K01687
SDY_0154	PanB	K00606
SDY_0305	ApbA	K00077
SDY_0155	PanC	K01918
SDY_3754	CoaA	K00867
SDY_4069	Dfp	K13038
SDY_4064	CoaD	K00954
SDY_0133	CoaE	K00859
SDY_2804	AcpS	K00997
SDY_0330	YajB	K08682
SDY_3978	IlvE	K00826
SDY_0041	PanD	K01579
SDY_0830	BioF	K00652
SDY_0832	BioA	K00833
SDY_0828	BioD	K01935
SDY_0831	BioB	K01012
SDY_3755	BirA	K03524
SDY_0550	LipA	K03644
SDY_0552	LipB	K03801
SDY_4647	LplA	K03800
SDY_2127	FolE	K01495
SDY_3241	FolB	K01633
SDY_0158	FolK	K00950
SDY_3358	FolP	K00796
SDY_0071	FolA	K00287
SDY_1547	YdgB	K13938
SDY_2514	FolC	K11754
SDY_2967	YgcM	K01737
SDY_1718	PabB	K01665
SDY_3522	PabA	K01664
SDY_2054	PabC	K02619
SDY_0071	FolA	K00287
SDY_1547	YdgB	K13938
SDY_0281	FolD	K01491
SDY_2741	GlyA	K00600
SDY_2689	PurN	K11175
SDY_1135	PurT	K08289
SDY_3720	PurH	K00602
SDY_3464	Fmt	K00604
SDY_3176	GcvT	K00605
SDY_4322	MetH	K00548
SDY_3044	ThyA	K00560
SDY_1284	PurU	K01433
SDY_3776	MetF	K00297
SDY_2600	GltX	K01885
SDY_1259	HemA	K02492
SDY_0170	HemL	K01845
SDY_0501	HemB	K01698
SDY_3941	HemC	K01749
SDY_3942	HemD	K01719
SDY_3943	HemX	K02496
SDY_3530	CysG	K02302
SDY_3729	HemE	K01599
SDY_2634	HemF	K00228
SDY_3117	YggW	K02495
SDY_3876	HemN	K02495
SDY_3895	HemG	K00230
SDY_0444	HemH	K01772
SDY_1340	BtuR	K00798
SDY_2240	CobU	K02231
SDY_2241	CobS	K02233
SDY_2319	YcbP	K00299
SDY_2242	CobT	K00768
SDY_3901	Fre	K05368
SDY_1113	Ftn	K02217
SDY_4535	UbiC	K03181
SDY_4534	UbiA	K03179
SDY_3902	YigC	K03182
SDY_2510	UbiX	K03186
SDY_3908	UbiB	K03688
SDY_2424	UbiG	K00568
SDY_3174	UbiH	K03185
SDY_3910	UbiE	K03183
SDY_0598	UbiF	K03184
SDY_2461	MenF	K02552
SDY_0524	EntC	K02361
SDY_2460	MenD	K02551
SDY_2459	YfbB	K08680
SDY_2457	MenC	K02549
SDY_2456	MenE	K01911
SDY_2458	MenB	K01661
SDY_3807	MenA	K02548
SDY_0310	Dxs	K01662
SDY_0189	YaeM	K00099
SDY_2946	IspD	K00991
SDY_1257	Ipk	K00919
SDY_2945	IspF	K01770
SDY_2711	IspG	K03526
SDY_0051	IspH	K03527
SDY_0309	IspA	K00795
SDY_3368	IspB	K02523
SDY_0190	YaeS	K00806
SDY_3899	FadB	K01825
SDY_2542	FadJ	K01782
SDY_2543	FadI	K00632
SDY_3900	FadA	K00632
SDY_3899	FadB	K01825
SDY_2542	FadJ	K01782
SDY_3141	TktA	K00615
SDY_0201	AccA	K01962
SDY_3432	AccB	K02160
SDY_3433	AccC	K01961
SDY_2515	AccD	K01963
SDY_2206	RfbA	K00973
SDY_3959	RffH	K00973
SDY_2204	RfbB	K01710
SDY_2207	RfbC	K01790
SDY_2205	RfbD	K00067
SDY_2461	MenF	K02552
SDY_0524	EntC	K02361
SDY_0526	EntB	K01252
SDY_0527	EntA	K00216
SDY_0525	EntE	K02363
SDY_0515	EntF	K02364
SDY_2204	RfbB	K01710
SDY_4394	AmpC	K01467
SDY_4394	AmpC	K01467
SDY_2587	Glk	K00845
SDY_0628	Pgm	K01835
SDY_2729	SuhB	K01092
SDY_2206	RfbA	K00973
SDY_3959	RffH	K00973
SDY_2204	RfbB	K01710
SDY_2207	RfbC	K01790
SDY_2205	RfbD	K00067
SDY_2587	Glk	K00845
SDY_2766	TyrA	K14187
SDY_2329	AspC	K00813
SDY_2220	HisC	K00817
SDY_4520	TyrB	K00832
SDY_2543	FadI	K00632
SDY_3900	FadA	K00632
SDY_1295	AdhE	K04072
SDY_0956	AppA	K01093
SDY_P004	PhoN2	K09474
SDY_P067	PhoN1	K09474
SDY_1608	AdhP	K13953
SDY_1295	AdhE	K04072
SDY_0661	SdhA	K00239
SDY_0662	SdhB	K00240
SDY_0659	SdhC	K00241
SDY_0660	SdhD	K00242
SDY_4398	FrdA	K00244
SDY_4397	FrdB	K00245
SDY_4396	FrdC	K00246
SDY_4395	FrdD	K00247
SDY_1295	AdhE	K04072
SDY_0744	MdaA	K10678
SDY_0491	NfnB	K10679
SDY_1876	NemA	K10680
SDY_0948	HyaB	K06281
SDY_3079	HybC	K06281
SDY_0947	HyaA	K06282
SDY_2543	FadI	K00632
SDY_3900	FadA	K00632
SDY_3899	FadB	K01825
SDY_2542	FadJ	K01782
SDY_1295	AdhE	K04072
SDY_1608	AdhP	K13953
SDY_1295	AdhE	K04072
SDY_3471	RpoA	K03040
SDY_3741	RpoB	K03043
SDY_3740	RpoC	K03046
SDY_3251	RpoD	K03086
SDY_2940	RpoS	K03087
SDY_1095	FliA	K02405
SDY_2814	RpoE	K03088
SDY_4299	FecI	K03088
SDY_3612	RpoH	K03089
SDY_3383	RpoN	K03092
SDY_4081	RpoZ	K03060
SDY_2347	RpsA	K02945
SDY_0185	RpsB	K02967
SDY_3490	RpsC	K02982
SDY_3472	RpsD	K02986
SDY_3479	RpsE	K02988
SDY_4369	RpsF	K02990
SDY_3502	RpsG	K02992
SDY_3482	RpsH	K02994
SDY_3406	RpsI	K02996
SDY_3497	RpsJ	K02946
SDY_3473	RpsK	K02948
SDY_3503	RpsL	K02950
SDY_3474	RpsM	K02952
SDY_3483	RpsN	K02954
SDY_3344	RpsO	K02956
SDY_2783	RpsP	K02959
SDY_3487	RpsQ	K02961
SDY_4371	RpsR	K02963
SDY_3492	RpsS	K02965
SDY_0045	RpsT	K02968
SDY_3249	RpsU	K02970
SDY_3744	RplA	K02863
SDY_3493	RplB	K02886
SDY_3496	RplC	K02906
SDY_3495	RplD	K02926
SDY_3484	RplE	K02931
SDY_3481	RplF	K02933
SDY_3742	RplL	K02935
SDY_4372	RplI	K02939
SDY_3743	RplJ	K02864
SDY_3745	RplK	K02867
SDY_3407	RplM	K02871
SDY_3486	RplN	K02874
SDY_3477	RplO	K02876
SDY_3489	RplP	K02878
SDY_3470	RplQ	K02879
SDY_3480	RplR	K02881
SDY_2780	RplS	K02884
SDY_1811	RplT	K02887
SDY_3367	RplU	K02888
SDY_3491	RplV	K02890
SDY_3494	RplW	K02892
SDY_3485	RplX	K02895
SDY_0894	RplY	K02897
SDY_3366	RpmA	K02899
SDY_4067	RpmB	K02902
SDY_3488	RpmC	K02904
SDY_3478	RpmD	K02907
SDY_3801	RpmE	K02909
SDY_2061	RpmF	K02911
SDY_4066	RpmG	K02913
SDY_4185	RpmH	K02914
SDY_1812	RpmI	K02916
SDY_3475	RpmJ	K02919
SDY_0220	RrsH	K01977
SDY_2834	RrsG	K01977
SDY_3455	RrsD	K01977
SDY_3719	RrsC	K01977
SDY_3760	RrsA	K01977
SDY_3894	RrsB	K01977
SDY_3991	RrsE	K01977
SDY_0223	RrlH	K01980
SDY_2832	RrlG	K01980
SDY_3452	RrlD	K01980
SDY_3717	RrlC	K01980
SDY_3758	RrlA	K01980
SDY_3891	RrlB	K01980
SDY_3989	RrlE	K01980
SDY_0224	RrfH	K01985
SDY_2831	RrfG	K01985
SDY_3449	RrfF	K01985
SDY_3451	RrfD	K01985
SDY_3716	RrfC	K01985
SDY_3757	RrfA	K01985
SDY_3890	RrfB	K01985
SDY_3988	RrfE	K01985
SDY_2600	GltX	K01885
SDY_0614	GlnS	K01886
SDY_2893	AlaS	K01872
SDY_1153	AspS	K01876
SDY_2327	AsnC	K01893
SDY_4344	GlyQ	K01878
SDY_4345	GlyS	K01879
SDY_1814	ThrS	K01868
SDY_2368	SerS	K01875
SDY_4212	SelA	K01042
SDY_0278	CysS	K01883
SDY_2181	MetG	K01874
SDY_3464	Fmt	K00604
SDY_4282	ValS	K01873
SDY_0564	LeuS	K01869
SDY_0048	IleS	K01870
SDY_3192	LysS	K04567
SDY_4399	YjeA	K04568
SDY_1180	ArgS	K01887
SDY_0213	ProS	K01881
SDY_2710	HisS	K01892
SDY_1809	PheS	K01889
SDY_1808	PheT	K01890
SDY_1860	TyrS	K01866
SDY_3695	TrpS	K01867
SDY_3476	SecY	K03076
SDY_3747	SecE	K03073
SDY_3356	SecG	K03075
SDY_0326	SecD	K03072
SDY_0325	SecF	K03074
SDY_0327	YajC	K03210
SDY_4188	YidC	K03217
SDY_0128	SecA	K03070
SDY_4042	SecB	K03071
SDY_0127	YacA	K13301
SDY_2784	Ffh	K03106
SDY_3615	FtsY	K03110
SDY_3907	TatA	K03116
SDY_3905	YigU	K03118
SDY_0549	TatE	K03425
SDY_2809	LepB	K03100
SDY_0049	LspA	K03101
SDY_2726	YfhO	K04487
SDY_2717	SseA	K01011
SDY_0761	MoeB	K11996
SDY_3621	YhhP	K04085
SDY_3504	YheL	K07237
SDY_3505	YheM	K07236
SDY_3506	YheN	K07235
SDY_0944	YccK	K11179
SDY_2019	MnmA	K00566
SDY_0821	MoaE	K03635
SDY_0825	MoaA	K03639
SDY_0822	MoaD	K03636
SDY_0823	MoaC	K03637
SDY_0009	MogA	K03831
SDY_0307	YajK	K03151
SDY_3735	ThiS	K03154
SDY_3734	ThiF	K03148
SDY_3047	YgdP	K08311
SDY_2067	Rne	K08300
SDY_3969	RhlB	K03732
SDY_2996	Eno	K01689
SDY_3343	Pnp	K00962
SDY_0806	RhlE	K11927
SDY_4410	VacB	K12573
SDY_3341	DeaD	K05592
SDY_3921	RecQ	K03654
SDY_3966	Rho	K03628
SDY_0013	DnaK	K04043
SDY_4449	GroEl	K04077
SDY_4417	Hfq	K03666
SDY_2690	Ppk	K00937
SDY_0159	PcnB	K00970
SDY_1128	HolE	K02345
SDY_0234	DnaQ	K02342
SDY_0200	DnaE	K02337
SDY_0449	DnaX	K02343
SDY_2051	HolB	K02341
SDY_0562	HolA	K02340
SDY_4631	HolD	K02344
SDY_4283	HolC	K02339
SDY_4183	DnaN	K02338
SDY_4522	DnaB	K02314
SDY_3250	DnaG	K02316
SDY_4508	Ssb	K03111
SDY_0233	RnhA	K03469
SDY_0199	RnhB	K03470
SDY_3879	PolA	K02335
SDY_2608	LigA	K01972
SDY_4065	MutM	K10563
SDY_0649	Nei	K05522
SDY_1856	Nth	K10773
SDY_2194	AlkA	K01247
SDY_4353	Tag	K01246
SDY_2823	Ung	K03648
SDY_3252	YgjF	K03649
SDY_3111	MutY	K03575
SDY_1527	XthA	K01142
SDY_2107	Nfo	K01151
SDY_3879	PolA	K02335
SDY_3190	RecJ	K07462
SDY_2608	LigA	K01972
SDY_2036	Mfd	K03723
SDY_4509	UvrA	K03701
SDY_0827	UvrB	K03702
SDY_1105	UvrC	K03703
SDY_3932	UvrD	K03657
SDY_3879	PolA	K02335
SDY_2608	LigA	K01972
SDY_2933	MutS	K03555
SDY_4419	MutL	K03572
SDY_3048	MutH	K03573
SDY_3932	UvrD	K03657
SDY_2231	SbcB	K01141
SDY_2705	XseA	K03601
SDY_0308	XseB	K03602
SDY_3190	RecJ	K07462
SDY_4508	Ssb	K03111
SDY_0200	DnaE	K02337
SDY_4183	DnaN	K02338
SDY_0449	DnaX	K02343
SDY_0562	HolA	K02340
SDY_2051	HolB	K02341
SDY_0234	DnaQ	K02342
SDY_1128	HolE	K02345
SDY_4283	HolC	K02339
SDY_4631	HolD	K02344
SDY_2608	LigA	K01972
SDY_3692	Dam	K06223
SDY_3190	RecJ	K07462
SDY_4508	Ssb	K03111
SDY_4182	RecF	K03629
SDY_2806	RecO	K03584
SDY_0447	RecR	K06187
SDY_2895	RecA	K03553
SDY_3879	PolA	K02335
SDY_1148	RuvA	K03550
SDY_1147	RuvB	K03551
SDY_1150	RuvC	K01159
SDY_4084	RecG	K03655
SDY_3037	RecB	K03582
SDY_3039	RecC	K03583
SDY_3036	RecD	K03581
SDY_0200	DnaE	K02337
SDY_4183	DnaN	K02338
SDY_0449	DnaX	K02343
SDY_0562	HolA	K02340
SDY_2051	HolB	K02341
SDY_0234	DnaQ	K02342
SDY_1128	HolE	K02345
SDY_4283	HolC	K02339
SDY_4631	HolD	K02344
SDY_3802	PriA	K04066
SDY_4370	PriB	K02686
SDY_0452	PriC	K04067
SDY_4616	DnaT	K02317
SDY_0220	RrsH	K01977
SDY_2834	RrsG	K01977
SDY_3455	RrsD	K01977
SDY_3719	RrsC	K01977
SDY_3760	RrsA	K01977
SDY_3894	RrsB	K01977
SDY_3991	RrsE	K01977
SDY_0223	RrlH	K01980
SDY_2832	RrlG	K01980
SDY_3452	RrlD	K01980
SDY_3717	RrlC	K01980
SDY_3758	RrlA	K01980
SDY_3891	RrlB	K01980
SDY_3989	RrlE	K01980
SDY_0224	RrfH	K01985
SDY_2831	RrfG	K01985
SDY_3449	RrfF	K01985
SDY_3451	RrfD	K01985
SDY_3716	RrfC	K01985
SDY_3757	RrfA	K01985
SDY_3890	RrfB	K01985
SDY_3988	RrfE	K01985
SDY_2621	CysP	K02048
SDY_3830	Sbp	K02048
SDY_2620	CysU	K02046
SDY_2619	CysW	K02047
SDY_2618	CysA	K02045
SDY_0505	TauA	K02051
SDY_2320	YcbO	K02051
SDY_0503	TauC	K02050
SDY_2323	SsuC	K02050
SDY_0504	TauB	K02049
SDY_2324	YcbE	K02049
SDY_0710	ModA	K02020
SDY_0711	ModB	K02018
SDY_0712	ModC	K02017
SDY_0707	ModF	K05776
SDY_0095	TbpA	K02064
SDY_0094	ThiP	K02063
SDY_0093	ThiQ	K02062
SDY_2029	PotD	K11069
SDY_2028	PotC	K11070
SDY_2027	PotB	K11071
SDY_2026	PotA	K11072
SDY_0741	PotF	K11073
SDY_0738	PotI	K11074
SDY_0739	PotH	K11075
SDY_0740	PotG	K11076
SDY_2873	ProW	K02001
SDY_2872	ProV	K02000
SDY_2157	YehZ	K05845
SDY_2160	YehW	K05846
SDY_3601	UgpB	K05813
SDY_3600	UgpA	K05814
SDY_3599	UgpE	K05815
SDY_3997	RbsC	K10440
SDY_1120	AraF	K10537
SDY_1122	AraH	K10538
SDY_1121	AraG	K10539
SDY_2130	MglB	K10540
SDY_2137	MglC	K10541
SDY_4022	PstS	K02040
SDY_4023	PstC	K02037
SDY_4024	PstA	K02038
SDY_4025	PstB	K02036
SDY_4112	PhnD	K02044
SDY_4113	PhnE	K02042
SDY_4111	PhnC	K02041
SDY_4120	PhnL	K05780
SDY_4119	PhnK	K05781
SDY_2509	ArgT	K10013
SDY_2506	HisM	K10015
SDY_2507	HisQ	K10016
SDY_2505	HisP	K10017
SDY_2508	HisJ	K10014
SDY_0785	GlnH	K10036
SDY_0786	GlnP	K10037
SDY_0787	GlnQ	K10038
SDY_2405	ArtI	K09997
SDY_2407	ArtM	K09998
SDY_2406	ArtQ	K09999
SDY_2404	ArtP	K10000
SDY_0592	YbeJ	K10001
SDY_0588	GltK	K10002
SDY_3445	YhdW	K09969
SDY_3447	YhdY	K09971
SDY_1097	FliY	K02424
SDY_1099	YecS	K10009
SDY_1100	YecC	K10010
SDY_3607	LivK	K01999
SDY_3611	LivJ	K01999
SDY_3606	LivH	K01997
SDY_3605	LivM	K01998
SDY_3604	LivG	K01995
SDY_3603	LivF	K01996
SDY_0216	MetQ	K02073
SDY_4499	NlpA	K02073
SDY_0217	YaeE	K02072
SDY_0218	MetN	K02071
SDY_4567	DppA	K12368
SDY_4566	DppB	K12369
SDY_4565	DppC	K12370
SDY_4564	DppD	K12371
SDY_4563	DppF	K12372
SDY_1301	OppA	K02035
SDY_1638	SapA	K02035
SDY_3631	NikA	K02035
SDY_1302	OppB	K02033
SDY_1639	SapB	K02033
SDY_3632	NikB	K02033
SDY_1303	OppC	K02034
SDY_1379	SapC	K02034
SDY_3633	NikC	K02034
SDY_1304	OppD	K02031
SDY_1378	SapD	K02031
SDY_3634	NikD	K02031
SDY_1305	OppF	K02032
SDY_1377	SapF	K02032
SDY_3635	NikE	K02032
SDY_0902	YejA	K13893
SDY_0901	YejB	K13894
SDY_0900	YejE	K13895
SDY_0899	YejF	K13896
SDY_0168	FhuD	K02016
SDY_0523	FepB	K02016
SDY_3552	ShuT	K02016
SDY_0169	FhuB	K02015
SDY_0520	FepG	K02015
SDY_0521	FepD	K02015
SDY_3548	ShuU	K02015
SDY_4294	FecD	K02015
SDY_4295	FecC	K02015
SDY_0167	FhuC	K02013
SDY_0519	FepC	K02013
SDY_3547	HmuV	K02013
SDY_4293	FecE	K02013
SDY_0174	YadT	K06858
SDY_1806	BtuC	K06073
SDY_1804	BtuD	K06074
SDY_1144	ZnuA	K09815
SDY_1146	ZnuB	K09816
SDY_1145	ZnuC	K09817
SDY_1457	SitA	K11604
SDY_1455	SitC	K11605
SDY_1454	SitD	K11606
SDY_1456	SitB	K11607
SDY_0037	YadH	K09686
SDY_0810	YbhS	K09686
SDY_0811	YbhR	K09686
SDY_0036	YadG	K09687
SDY_2032	YcfW	K09808
SDY_2034	YcfU	K09808
SDY_2033	LolD	K09810
SDY_0880	CcmD	K02196
SDY_0879	CcmC	K02195
SDY_0878	CcmB	K02194
SDY_0877	CcmA	K02193
SDY_3613	FtsX	K09811
SDY_3614	FtsE	K09812
SDY_4285	YjgP	K07091
SDY_4286	YjgQ	K11720
SDY_3382	YhbG	K06861
SDY_2344	MsbA	K11085
SDY_0386	MdlB	K06148
SDY_1025	IroC	K06148
SDY_2374	CydD	K06148
SDY_2375	CydC	K06148
SDY_2382	YbjZ	K05685
SDY_0865	YojI	K06159
SDY_2613	PtsI	K08483
SDY_3782	PtsA	K08483
SDY_2612	PtsH	K02784
SDY_2614	Crr	K02777
SDY_2049	PtsG	K02778
SDY_0613	NagE	K02802
SDY_1842	MalX	K02790
SDY_4259	TreB	K02818
SDY_2625	MurP	K11191
SDY_3143	CmtB	K02798
SDY_3144	CmtA	K02799
SDY_1963	ManX	K02793
SDY_1965	ManZ	K02796
SDY_2901	SrlB	K02781
SDY_2898	SrlA	K02783
SDY_2265	GatB	K02774
SDY_0038	YadI	K02821
SDY_4364	PtxA	K02821
SDY_4363	SgaB	K02822
SDY_4362	UlaA	K03475
SDY_2317	FruB	K02768
SDY_2315	FruA	K02769
SDY_3046	PtsP	K08484
SDY_3387	PtsO	K08485
SDY_3385	PtsN	K02806
SDY_3205	TolC	K12340
SDY_P175	MxiH	K03221
SDY_P183	MxiD	K03219
SDY_P184	MxiC	K04058
SDY_P177	MxiJ	K03222
SDY_P191	SpaP	K03226
SDY_P191a	Spa9	K03227
SDY_P192	Spa29	K03228
SDY_P193	Spa40	K03229
SDY_P185	MxiA	K03230
SDY_P187	Spa47	K03224
SDY_3093	GspD	K02453
SDY_3092	GspC	K02452
SDY_3095	GspF	K02455
SDY_3096	GspG	K02456
SDY_3097	GspH	K02457
SDY_3098	GspI	K02458
SDY_3099	GspJ	K02459
SDY_3100	GspK	K02460
SDY_3101	GspL	K02461
SDY_3102	GspM	K02462
SDY_3094	GspE	K02454
SDY_0326	SecD	K03072
SDY_0325	SecF	K03074
SDY_3747	SecE	K03073
SDY_3356	SecG	K03075
SDY_3476	SecY	K03076
SDY_0327	YajC	K03210
SDY_4188	YidC	K03217
SDY_0128	SecA	K03070
SDY_0127	YacA	K13301
SDY_3615	FtsY	K03110
SDY_4042	SecB	K03071
SDY_2784	Ffh	K03106
SDY_3907	TatA	K03116
SDY_3905	YigU	K03118
SDY_0549	TatE	K03425
SDY_0338	PhoB	K07657
SDY_4022	PstS	K02040
SDY_2023	PhoQ	K07637
SDY_2022	PhoP	K07660
SDY_P004	PhoN2	K09474
SDY_P067	PhoN1	K09474
SDY_3672	EnvZ	K07638
SDY_3671	OmpR	K07659
SDY_0861	OmpC	K09475
SDY_2328	OmpF	K09476
SDY_1825	RstB	K07639
SDY_1824	RstA	K07661
SDY_3835	CpxA	K07640
SDY_3834	CpxR	K07662
SDY_0178	HtrA	K04771
SDY_4659	CreB	K07663
SDY_2187	BaeS	K07642
SDY_2186	BaeR	K07664
SDY_4101	BasS	K07643
SDY_3213	QseC	K07645
SDY_3214	YgiX	K07666
SDY_1191	FlhD	K02403
SDY_1190	FlhC	K02402
SDY_1095	FliA	K02405
SDY_1189	MotA	K02556
SDY_0629	KdpE	K07667
SDY_0631	KdpC	K01548
SDY_0634	KdpF	K01545
SDY_0969	TorR	K07772
SDY_0972	TorD	K03533
SDY_3391	ArcB	K07648
SDY_4662	ArcA	K07773
SDY_4184	DnaA	K02313
SDY_4238	YjdH	K07701
SDY_4237	YjdG	K07703
SDY_4232	DcuB	K07792
SDY_1276	NarX	K07673
SDY_1275	NarL	K07684
SDY_2653	NarQ	K07674
SDY_0885	NarP	K07685
SDY_1279	NarG	K00370
SDY_1280	NarH	K00371
SDY_1281	NarJ	K00373
SDY_1282	NarI	K00374
SDY_1605	FdnH	K08349
SDY_1606	FdnI	K08350
SDY_4398	FrdA	K00244
SDY_4397	FrdB	K00245
SDY_4396	FrdC	K00246
SDY_4395	FrdD	K00247
SDY_4148	UhpC	K07783
SDY_4149	UhpB	K07675
SDY_4150	UhpA	K07686
SDY_4147	UhpT	K07784
SDY_0215	RcsF	K06080
SDY_0856	RcsC	K07677
SDY_0858	YojN	K07676
SDY_0857	RcsB	K07687
SDY_3003	BarA	K07678
SDY_1104	UvrY	K07689
SDY_2892	CsrA	K03563
SDY_4478	EvgS	K07679
SDY_4477	EvgA	K07690
SDY_2563	EmrK	K07797
SDY_2562	EmrY	K07786
SDY_4394	AmpC	K01467
SDY_0183	GlnD	K00990
SDY_2743	GlnB	K04751
SDY_3874	GlnL	K07708
SDY_3875	GlnG	K07712
SDY_3873	GlnA	K01915
SDY_3723	HydH	K07709
SDY_3722	HydG	K07713
SDY_3724	ZraP	K07803
SDY_4548	DctA	K11103
SDY_2746	YfhK	K07711
SDY_2744	YfhA	K07715
SDY_1760	Trg	K05876
SDY_3256	Aer	K03776
SDY_3519	Crp	K10914
SDY_3383	RpoN	K03092
SDY_1760	Trg	K05876
SDY_3256	Aer	K03776
SDY_2130	MglB	K10540
SDY_4567	DppA	K12368
SDY_1189	MotA	K02556
SDY_0484	MbhA	K02557
SDY_0484	MbhA	K02557
SDY_1189	MotA	K02556
SDY_1190	FlhC	K02402
SDY_1191	FlhD	K02403
SDY_2075	FlgE	K02390
SDY_2076	FlgD	K02389
SDY_2077	FlgC	K02388
SDY_2078	FlgB	K02387
SDY_2080	FlgA	K02386
SDY_2081	FlgM	K02398
SDY_2072	FlgH	K02393
SDY_2071	FlgI	K02394
SDY_2068	FlgL	K02397
SDY_1091	FliD	K02407
SDY_1090	FliS	K02422
SDY_P164	IpaD	K13287
SDY_P165	IpaC	K13286
SDY_P166	IpaB	K13285
SDY_P168	IpgB1	K13742
SDY_P211	VirA	K12785
SDY_P163	IpaA	K13284
SDY_P171	IpgD	K13085
SDY_P025	IpgB2	K13743
SDY_P214	IcsA	K12679
SDY_P170	IcsB	K13790
SDY_P013	OspF	K13450
SDY_P099	IpaH9.8	K13791
SDY_P101	OspG	K13792
SDY_P046	OspE1	K13793
SDY_1389	StxA	K11006
SDY_1390	StxB	K11007
SDY_P164	IpaD	K13287
SDY_P165	IpaC	K13286
SDY_P166	IpaB	K13285
SDY_P163	IpaA	K13284
SDY_P171	IpgD	K13085
SDY_P168	IpgB1	K13742
SDY_P025	IpgB2	K13743
SDY_P211	VirA	K12785
SDY_0338	PhoB	K07657
SDY_2023	PhoQ	K07637
SDY_2022	PhoP	K07660
SDY_3672	EnvZ	K07638
SDY_3671	OmpR	K07659
SDY_1825	RstB	K07639
SDY_1824	RstA	K07661
SDY_3835	CpxA	K07640
SDY_3834	CpxR	K07662
SDY_4659	CreB	K07663
SDY_2187	BaeS	K07642
SDY_2186	BaeR	K07664
SDY_4101	BasS	K07643
SDY_3213	QseC	K07645
SDY_3214	YgiX	K07666
SDY_0629	KdpE	K07667
SDY_0969	TorR	K07772
SDY_3391	ArcB	K07648
SDY_4662	ArcA	K07773
SDY_1039	YedW	K02483
SDY_1276	NarX	K07673
SDY_1275	NarL	K07684
SDY_2653	NarQ	K07674
SDY_0885	NarP	K07685
SDY_4149	UhpB	K07675
SDY_4150	UhpA	K07686
SDY_0856	RcsC	K07677
SDY_0858	YojN	K07676
SDY_0857	RcsB	K07687
SDY_3003	BarA	K07678
SDY_1104	UvrY	K07689
SDY_4478	EvgS	K07679
SDY_4477	EvgA	K07690
SDY_4238	YjdH	K07701
SDY_4237	YjdG	K07703
SDY_2163	YehU	K02478
SDY_2164	YehT	K02477
SDY_3874	GlnL	K07708
SDY_3875	GlnG	K07712
SDY_3723	HydH	K07709
SDY_3722	HydG	K07713
SDY_2746	YfhK	K07711
SDY_2744	YfhA	K07715
SDY_1287	Hnr	K02485
SDY_1760	Trg	K05876
SDY_3256	Aer	K03776
SDY_1183	FlhE	K03516
SDY_1189	MotA	K02556
SDY_0484	MbhA	K02557
SDY_2071	FlgI	K02394
SDY_2080	FlgA	K02386
SDY_2072	FlgH	K02393
SDY_2078	FlgB	K02387
SDY_2077	FlgC	K02388
SDY_2076	FlgD	K02389
SDY_2070	FlgJ	K02395
SDY_2075	FlgE	K02390
SDY_2068	FlgL	K02397
SDY_1091	FliD	K02407
SDY_1190	FlhC	K02402
SDY_1191	FlhD	K02403
SDY_1095	FliA	K02405
SDY_2081	FlgM	K02398
SDY_1090	FliS	K02422
SDY_1097	FliY	K02424
SDY_1096	FliZ	K02425
SDY_3121	YggR	K02669
SDY_0256	SfmC	K07353
SDY_3840	RhaR	K02854
SDY_3841	RhaS	K02855
SDY_4097	AdiY	K03755
SDY_2635	YfeG	K04033
SDY_4505	SoxS	K13631
SDY_1596	MarA	K13632
SDY_0863	Ada	K10778
SDY_3026	GcvA	K03566
SDY_3975	IlvY	K02521
SDY_3915	MetR	K03576
SDY_0019	NhaR	K03717
SDY_3796	OxyR	K04761
SDY_3165	IciA	K05596
SDY_3310	TdcA	K07592
SDY_0398	YbbS	K10972
SDY_1345	CysB	K13634
SDY_2246	Cbl	K13635
SDY_0842	DeoR	K11534
SDY_3652	GlpR	K02444
SDY_2262	GatR	K02436
SDY_3023	FucR	K02430
SDY_2904	SrlR	K02468
SDY_4360	YjfQ	K03477
SDY_2129	GalS	K02529
SDY_3054	GalR	K02529
SDY_3710	XylR	K02529
SDY_3994	RbsR	K02529
SDY_3803	CytR	K05499
SDY_0110	FruR	K03435
SDY_4260	TreR	K03485
SDY_2911	AscG	K03487
SDY_1884	PurR	K03604
SDY_3589	GntR	K06145
SDY_3259	EbgR	K12113
SDY_4170	YidP	K03482
SDY_4114	PhnF	K02043
SDY_1224	FadR	K03603
SDY_0143	PdhR	K05799
SDY_4037	LldR	K14348
SDY_0455	AcrR	K03577
SDY_4071	SlmA	K05501
SDY_0988	YcdC	K09017
SDY_4005	AsnC	K03718
SDY_2372	Lrp	K03719
SDY_0384	YbaO	K05800
SDY_3658	MalT	K03556
SDY_1597	MarR	K03712
SDY_2879	EmrR	K03712
SDY_1865	SlyA	K06075
SDY_0415	YbbI	K11923
SDY_3468	ZntR	K13638
SDY_4504	SoxR	K13639
SDY_0623	Fur	K03711
SDY_4528	YjbK	K09823
SDY_4323	IclR	K13641
SDY_0396	YbbU	K10973
SDY_3519	Crp	K10914
SDY_1415	Fnr	K01420
SDY_4411	YjeB	K13771
SDY_3636	YhhG	K07722
SDY_3561	ArsR	K03892
SDY_3755	BirA	K03524
SDY_3438	Fis	K03557
SDY_4654	TrpR	K03720
SDY_4651	NadR	K06211
SDY_1945	YcjC	K14056
SDY_0179	YaeG	K02647
SDY_3369	Nlp	K07724
SDY_0708	ModE	K02019
SDY_0097	YabN	K11925
SDY_2906	YgaA	K12266
SDY_4348	YiaG	K07726
SDY_3903	RfaH	K05785
SDY_3413	ArgR	K03402
SDY_0610	NagC	K02565
SDY_0546	CspE	K03704
SDY_0964	CspH	K03704
SDY_1969	CspC	K03704
SDY_2381	CspD	K03704
SDY_4347	CspA	K03704
SDY_3773	MetJ	K03764
SDY_1401	TyrR	K03721
SDY_2668	GcvR	K03567
SDY_1941	PspF	K03974
SDY_1938	PspC	K03973
SDY_P032	ParB	K03497
SDY_P161	VirB	K03497
SDY_3124	YqgE	K07735
SDY_0056	CaiF	K08277
SDY_0161	DksA	K06204
SDY_0321	NrdR	K07738
SDY_0477	Crl	K11926
SDY_2344	MsbA	K11085
SDY_0385	MdlA	K06147
SDY_0386	MdlB	K06148
SDY_1025	IroC	K06148
SDY_2374	CydD	K06148
SDY_2375	CydC	K06148
SDY_2382	YbjZ	K05685
SDY_0865	YojI	K06159
SDY_2621	CysP	K02048
SDY_3830	Sbp	K02048
SDY_2620	CysU	K02046
SDY_2619	CysW	K02047
SDY_2618	CysA	K02045
SDY_0505	TauA	K02051
SDY_2320	YcbO	K02051
SDY_0503	TauC	K02050
SDY_2323	SsuC	K02050
SDY_0504	TauB	K02049
SDY_2324	YcbE	K02049
SDY_0710	ModA	K02020
SDY_0711	ModB	K02018
SDY_0712	ModC	K02017
SDY_0707	ModF	K05776
SDY_0095	TbpA	K02064
SDY_0094	ThiP	K02063
SDY_0093	ThiQ	K02062
SDY_2029	PotD	K11069
SDY_2028	PotC	K11070
SDY_2027	PotB	K11071
SDY_2026	PotA	K11072
SDY_0741	PotF	K11073
SDY_0738	PotI	K11074
SDY_0739	PotH	K11075
SDY_0740	PotG	K11076
SDY_2873	ProW	K02001
SDY_2872	ProV	K02000
SDY_2157	YehZ	K05845
SDY_2160	YehW	K05846
SDY_3601	UgpB	K05813
SDY_3600	UgpA	K05814
SDY_3599	UgpE	K05815
SDY_3374	YrbD	K02067
SDY_3375	YrbE	K02066
SDY_3376	YrbF	K02065
SDY_0408	YbbM	K02069
SDY_0409	YbbL	K02068
SDY_3997	RbsC	K10440
SDY_1120	AraF	K10537
SDY_1122	AraH	K10538
SDY_1121	AraG	K10539
SDY_2130	MglB	K10540
SDY_2137	MglC	K10541
SDY_4248	YtfT	K02057
SDY_4249	YjfF	K02057
SDY_4247	YtfR	K02056
SDY_4022	PstS	K02040
SDY_4023	PstC	K02037
SDY_4024	PstA	K02038
SDY_4025	PstB	K02036
SDY_4112	PhnD	K02044
SDY_4113	PhnE	K02042
SDY_4111	PhnC	K02041
SDY_4120	PhnL	K05780
SDY_4119	PhnK	K05781
SDY_2509	ArgT	K10013
SDY_2506	HisM	K10015
SDY_2507	HisQ	K10016
SDY_2505	HisP	K10017
SDY_2508	HisJ	K10014
SDY_2506	HisM	K10015
SDY_2507	HisQ	K10016
SDY_2505	HisP	K10017
SDY_0785	GlnH	K10036
SDY_0786	GlnP	K10037
SDY_0787	GlnQ	K10038
SDY_2405	ArtI	K09997
SDY_2407	ArtM	K09998
SDY_2406	ArtQ	K09999
SDY_2404	ArtP	K10000
SDY_0592	YbeJ	K10001
SDY_0588	GltK	K10002
SDY_3445	YhdW	K09969
SDY_3447	YhdY	K09971
SDY_1097	FliY	K02424
SDY_1099	YecS	K10009
SDY_1100	YecC	K10010
SDY_3607	LivK	K01999
SDY_3611	LivJ	K01999
SDY_3606	LivH	K01997
SDY_3605	LivM	K01998
SDY_3604	LivG	K01995
SDY_3603	LivF	K01996
SDY_0216	MetQ	K02073
SDY_4499	NlpA	K02073
SDY_0217	YaeE	K02072
SDY_0218	MetN	K02071
SDY_4567	DppA	K12368
SDY_4566	DppB	K12369
SDY_4565	DppC	K12370
SDY_4564	DppD	K12371
SDY_4563	DppF	K12372
SDY_1301	OppA	K02035
SDY_1638	SapA	K02035
SDY_3631	NikA	K02035
SDY_1302	OppB	K02033
SDY_1639	SapB	K02033
SDY_3632	NikB	K02033
SDY_1303	OppC	K02034
SDY_1379	SapC	K02034
SDY_3633	NikC	K02034
SDY_1304	OppD	K02031
SDY_1378	SapD	K02031
SDY_3634	NikD	K02031
SDY_1305	OppF	K02032
SDY_1377	SapF	K02032
SDY_3635	NikE	K02032
SDY_0902	YejA	K13893
SDY_0901	YejB	K13894
SDY_0900	YejE	K13895
SDY_0899	YejF	K13896
SDY_0168	FhuD	K02016
SDY_0523	FepB	K02016
SDY_3552	ShuT	K02016
SDY_0169	FhuB	K02015
SDY_0520	FepG	K02015
SDY_0521	FepD	K02015
SDY_3548	ShuU	K02015
SDY_4294	FecD	K02015
SDY_4295	FecC	K02015
SDY_0167	FhuC	K02013
SDY_0519	FepC	K02013
SDY_3547	HmuV	K02013
SDY_4293	FecE	K02013
SDY_0174	YadT	K06858
SDY_1806	BtuC	K06073
SDY_1804	BtuD	K06074
SDY_1144	ZnuA	K09815
SDY_1146	ZnuB	K09816
SDY_1145	ZnuC	K09817
SDY_1457	SitA	K11604
SDY_1455	SitC	K11605
SDY_1454	SitD	K11606
SDY_1456	SitB	K11607
SDY_0037	YadH	K09686
SDY_0810	YbhS	K09686
SDY_0811	YbhR	K09686
SDY_0036	YadG	K09687
SDY_0809	YbhF	K01990
SDY_2032	YcfW	K09808
SDY_2034	YcfU	K09808
SDY_2033	LolD	K09810
SDY_0880	CcmD	K02196
SDY_0879	CcmC	K02195
SDY_0878	CcmB	K02194
SDY_0877	CcmA	K02193
SDY_3613	FtsX	K09811
SDY_3614	FtsE	K09812
SDY_4285	YjgP	K07091
SDY_4286	YjgQ	K11720
SDY_3382	YhbG	K06861
SDY_1913	SufC	K09013
SDY_3129	GalP	K08137
SDY_3058	AraE	K02100
SDY_0909	YeiO	K03291
SDY_3108	NupG	K03289
SDY_4199	YieG	K06901
SDY_4503	YjcD	K06901
SDY_2830	KgtP	K03761
SDY_4102	ProP	K03762
SDY_2254	ShiA	K08172
SDY_4355	YhjX	K08177
SDY_3399	NanT	K03290
SDY_3278	ExuT	K08191
SDY_1689	YeaN	K03449
SDY_2732	HcaT	K05820
SDY_4147	UhpT	K07784
SDY_2435	GlpT	K02445
SDY_4148	UhpC	K07783
SDY_1278	NarK	K02575
SDY_3052	YgeD	K08227
SDY_0522	YbdA	K08225
SDY_0300	AmpG	K08218
SDY_0897	Bcr	K07552
SDY_2562	EmrY	K07786
SDY_2297	YceE	K08161
SDY_2088	YceL	K08162
SDY_4203	YidY	K08163
SDY_1599	YdeA	K08159
SDY_4141	YicM	K03445
SDY_4157	EmrD	K08154
SDY_1559	YnfM	K08224
SDY_2363	YcaD	K08219
SDY_3526	YhfC	K06141
SDY_0067	YaaU	K08368
SDY_2613	PtsI	K08483
SDY_3782	PtsA	K08483
SDY_3046	PtsP	K08484
SDY_2612	PtsH	K02784
SDY_2317	FruB	K02768
SDY_3387	PtsO	K08485
SDY_2614	Crr	K02777
SDY_2049	PtsG	K02778
SDY_0613	NagE	K02802
SDY_2614	Crr	K02777
SDY_1842	MalX	K02790
SDY_2614	Crr	K02777
SDY_2614	Crr	K02777
SDY_4259	TreB	K02818
SDY_2614	Crr	K02777
SDY_2625	MurP	K11191
SDY_2614	Crr	K02777
SDY_2317	FruB	K02768
SDY_2315	FruA	K02769
SDY_3782	PtsA	K08483
SDY_3785	FrwB	K11202
SDY_3788	FrwD	K11202
SDY_3784	FrwC	K11203
SDY_3143	CmtB	K02798
SDY_3144	CmtA	K02799
SDY_2901	SrlB	K02781
SDY_2898	SrlA	K02783
SDY_2265	GatB	K02774
SDY_1963	ManX	K02793
SDY_1965	ManZ	K02796
SDY_0038	YadI	K02821
SDY_4364	PtxA	K02821
SDY_4363	SgaB	K02822
SDY_4362	UlaA	K03475
SDY_3385	PtsN	K02806
SDY_2388	AqpZ	K06188
SDY_3817	GlpF	K02440
SDY_1416	Ogt	K00567
SDY_0643	PhrB	K01669
SDY_2823	Ung	K03648
SDY_3252	YgjF	K03649
SDY_3111	MutY	K03575
SDY_1856	Nth	K10773
SDY_0129	MutT	K03574
SDY_4070	Dut	K01520
SDY_1416	Ogt	K00567
SDY_0863	Ada	K10778
SDY_0643	PhrB	K01669
SDY_0864	AlkB	K03919
SDY_2823	Ung	K03648
SDY_3252	YgjF	K03649
SDY_2194	AlkA	K01247
SDY_3111	MutY	K03575
SDY_4353	Tag	K01246
SDY_4065	MutM	K10563
SDY_0649	Nei	K05522
SDY_1856	Nth	K10773
SDY_1527	XthA	K01142
SDY_2107	Nfo	K01151
SDY_3728	Nfi	K05982
SDY_3190	RecJ	K07462
SDY_2608	LigA	K01972
SDY_3879	PolA	K02335
SDY_4509	UvrA	K03701
SDY_0827	UvrB	K03702
SDY_1105	UvrC	K03703
SDY_3932	UvrD	K03657
SDY_3879	PolA	K02335
SDY_2608	LigA	K01972
SDY_3741	RpoB	K03043
SDY_3740	RpoC	K03046
SDY_3471	RpoA	K03040
SDY_4081	RpoZ	K03060
SDY_2036	Mfd	K03723
SDY_2933	MutS	K03555
SDY_4419	MutL	K03572
SDY_3048	MutH	K03573
SDY_2231	SbcB	K01141
SDY_2705	XseA	K03601
SDY_0308	XseB	K03602
SDY_0200	DnaE	K02337
SDY_4183	DnaN	K02338
SDY_4283	HolC	K02339
SDY_0562	HolA	K02340
SDY_2051	HolB	K02341
SDY_0234	DnaQ	K02342
SDY_0449	DnaX	K02343
SDY_4631	HolD	K02344
SDY_1128	HolE	K02345
SDY_2608	LigA	K01972
SDY_3932	UvrD	K03657
SDY_4508	Ssb	K03111
SDY_3692	Dam	K06223
SDY_1046	Vsr	K07458
SDY_3037	RecB	K03582
SDY_3039	RecC	K03583
SDY_3036	RecD	K03581
SDY_2895	RecA	K03553
SDY_1148	RuvA	K03550
SDY_1147	RuvB	K03551
SDY_1150	RuvC	K01159
SDY_3802	PriA	K04066
SDY_4370	PriB	K02686
SDY_0452	PriC	K04067
SDY_4616	DnaT	K02317
SDY_2231	SbcB	K01141
SDY_0341	SbcC	K03546
SDY_2895	RecA	K03553
SDY_4650	Sms	K04485
SDY_4182	RecF	K03629
SDY_4084	RecG	K03655
SDY_3190	RecJ	K07462
SDY_2806	RecO	K03584
SDY_0447	RecR	K06187
SDY_2789	RecN	K03631
SDY_0344	RdgC	K03554
SDY_1148	RuvA	K03550
SDY_1147	RuvB	K03551
SDY_1150	RuvC	K01159
SDY_2423	GyrA	K02469
SDY_4181	GyrB	K02470
SDY_1344	TopA	K03168
SDY_3726	HupA	K05787
SDY_0292	HupB	K03530
SDY_3190	RecJ	K07462
SDY_2806	RecO	K03584
SDY_0447	RecR	K06187
SDY_3438	Fis	K03557
SDY_1807	IhfA	K04764
SDY_2346	IhfB	K05788
SDY_2231	SbcB	K01141
SDY_3921	RecQ	K03654
SDY_4509	UvrA	K03701
SDY_0827	UvrB	K03702
SDY_1289	Hns	K03746
SDY_0483	DinP	K02346
SDY_1221	UmuC	K03502
SDY_1220	UmuD	K03503
SDY_2895	RecA	K03553
SDY_4531	LexA	K01356
SDY_2789	RecN	K03631
SDY_4508	Ssb	K03111
SDY_0129	MutT	K03574
SDY_4070	Dut	K01520
SDY_2428	NrdA	K00525
SDY_2868	NrdE	K00525
SDY_2429	NrdB	K00526
SDY_2869	NrdF	K00526
SDY_3971	Rep	K03656
SDY_0937	HelD	K03658
SDY_0800	DinG	K03722
SDY_3205	TolC	K12340
SDY_3205	TolC	K12340
SDY_3092	GspC	K02452
SDY_3093	GspD	K02453
SDY_3094	GspE	K02454
SDY_3095	GspF	K02455
SDY_3096	GspG	K02456
SDY_3097	GspH	K02457
SDY_3098	GspI	K02458
SDY_3099	GspJ	K02459
SDY_3100	GspK	K02460
SDY_3101	GspL	K02461
SDY_3102	GspM	K02462
SDY_3121	YggR	K02669
SDY_3043	PpdA	K02679
SDY_3042	PpdB	K02680
SDY_3040	PpdC	K02681
SDY_0138	PpdD	K02682
SDY_0137	HofB	K02504
SDY_3684	YrfD	K12288
SDY_3685	YrfC	K12289
SDY_3686	YrfB	K12290
SDY_3687	YrfA	K12291
SDY_3121	YggR	K02669
SDY_3120	YggT	K02221
SDY_0290	YbaV	K02237
SDY_2345	YcaI	K02238
SDY_P183	MxiD	K03219
SDY_P175	MxiH	K03221
SDY_P177	MxiJ	K03222
SDY_P187	Spa47	K03224
SDY_P191	SpaP	K03226
SDY_P191a	Spa9	K03227
SDY_P192	Spa29	K03228
SDY_P193	Spa40	K03229
SDY_P185	MxiA	K03230
SDY_P184	MxiC	K04058
SDY_3189	DsbC	K03981
SDY_P214	IcsA	K12679
SDY_0997	CsgE	K04337
SDY_0998	CsgF	K04338
SDY_0999	CsgG	K06214
SDY_0128	SecA	K03070
SDY_4042	SecB	K03071
SDY_0326	SecD	K03072
SDY_3747	SecE	K03073
SDY_0325	SecF	K03074
SDY_3356	SecG	K03075
SDY_0127	YacA	K13301
SDY_3476	SecY	K03076
SDY_2784	Ffh	K03106
SDY_3615	FtsY	K03110
SDY_0327	YajC	K03210
SDY_4188	YidC	K03217
SDY_3614	FtsE	K09812
SDY_2784	Ffh	K03106
SDY_3907	TatA	K03116
SDY_3905	YigU	K03118
SDY_0549	TatE	K03425
